zip,new_small,new_medium,new_large,expansion_slots,new_u5_slots,supply_total,requirement,u5_req,u5_exist
06390,1,0,0,0,0,100,1.3333333333333333,0.0,0.0
10001,0,0,0,496,496,1105,697.7333333333332,496.0,0.0
10002,0,0,0,1410,1410,6139,3553.4,1428.0,18.0
10003,0,0,0,960,960,2955,1015.2666666666667,960.0,0.0
10004,1,0,0,239,289,602,237.2,288.66666666666663,0.0
10005,0,1,1,23,323,662,412.7,322.66666666666663,0.0
10006,0,0,0,72,72,228,134.5,85.33333333333333,14.0
10007,0,0,1,204,404,888,410.0,403.3333333333333,0.0
10009,0,0,0,1246,1246,3030,1551.6666666666665,1264.0,18.0
10010,0,0,4,148,948,1982,1194.2666666666667,948.0,0.0
10011,0,0,0,764,764,2720,1075.8,806.0,42.0
10012,0,0,2,9,409,833,339.4,408.66666666666663,0.0
10013,0,0,2,433,833,1668,1060.8666666666666,832.6666666666666,0.0
10014,0,0,0,401,401,2112,785.5,472.0,71.0
10016,0,0,2,799,1199,2422,1301.6666666666665,1198.6666666666665,0.0
10017,1,0,0,79,129,286,254.6,128.66666666666666,0.0
10018,0,0,1,0,162,400,267.2,161.33333333333331,0.0
10019,0,0,1,533,733,1524,1046.1,732.6666666666666,0.0
10020,0,0,0,0,0,44,0.0,0.0,0.0
10021,0,0,4,392,1192,2452,1445.7999999999997,1191.3333333333333,0.0
10022,0,0,4,19,819,1635,934.1999999999999,818.6666666666666,0.0
10023,0,1,6,1066,2366,4765,2433.5333333333333,2365.333333333333,0.0
10024,0,0,8,1199,2799,5642,2951.333333333333,2814.0,15.0
10025,0,0,3,2309,2909,6062,3391.2666666666664,2999.333333333333,91.0
10026,0,0,0,1464,1464,3170,1827.0666666666666,1481.3333333333333,18.0
10027,0,0,0,2424,2424,6182,2951.5999999999995,2424.0,0.0
10028,0,0,4,310,1110,2258,1632.7999999999997,1146.0,36.0
10029,0,0,0,2644,2644,6002,4836.9,2643.333333333333,0.0
10030,0,0,0,1248,1248,2520,2117.6,1248.0,0.0
10031,0,0,1,1373,1573,3350,3292.7,1572.6666666666665,0.0
10032,0,0,0,1492,1492,4714,2954.1,1492.0,0.0
10033,0,0,0,2138,2138,5031,3622.3,2137.333333333333,0.0
10034,0,0,0,1744,1744,4870,2902.4,1743.3333333333333,0.0
10035,0,0,0,1588,1588,3663,2861.3,1588.0,0.0
10036,0,0,0,423,423,1109,529.8666666666666,422.66666666666663,0.0
10037,0,0,1,493,693,1479,1283.0,713.3333333333333,21.0
10038,0,0,0,495,495,1297,709.1999999999999,514.6666666666666,20.0
10039,0,0,0,1266,1266,2689,2316.0,1265.3333333333333,0.0
10040,0,0,0,1314,1314,3908,2825.0,1313.3333333333333,0.0
10044,0,0,1,426,626,1315,585.5999999999999,626.0,0.0
10065,0,0,3,847,1447,2892,1366.7333333333331,1486.6666666666665,40.0
10069,1,0,2,10,460,926,428.59999999999997,460.0,0.0
10075,0,0,3,229,829,1664,840.1999999999999,828.6666666666666,0.0
10103,0,0,0,0,0,0,0.0,0.0,0.0
10110,0,0,0,0,0,0,0.0,0.0,0.0
10111,0,0,0,0,0,0,0.0,0.0,0.0
10112,0,0,0,0,0,0,0.0,0.0,0.0
10115,0,0,0,0,0,0,0.0,0.0,0.0
10119,0,0,0,0,0,0,0.0,0.0,0.0
10128,0,0,8,261,1861,3762,1886.3999999999999,1860.6666666666665,0.0
10152,0,0,0,0,0,0,0.0,0.0,0.0
10153,0,0,0,0,0,0,0.0,0.0,0.0
10154,0,0,0,0,0,0,0.0,0.0,0.0
10162,0,1,0,0,90,200,51.666666666666664,89.33333333333333,0.0
10165,0,0,0,0,0,0,0.0,0.0,0.0
10167,0,0,0,0,0,0,0.0,0.0,0.0
10168,0,0,0,0,0,0,0.0,0.0,0.0
10169,0,0,0,0,0,0,0.0,0.0,0.0
10170,0,0,0,0,0,0,0.0,0.0,0.0
10171,0,0,0,0,0,0,0.0,0.0,0.0
10172,0,0,0,0,0,0,0.0,0.0,0.0
10173,0,0,0,0,0,0,0.0,0.0,0.0
10174,0,0,0,0,0,0,0.0,0.0,0.0
10177,0,0,0,0,0,0,0.0,0.0,0.0
10199,0,0,0,0,0,0,0.0,0.0,0.0
10271,0,0,0,0,0,0,0.0,0.0,0.0
10278,0,0,0,0,0,0,0.0,0.0,0.0
10279,0,0,0,0,0,0,0.0,0.0,0.0
10280,0,0,0,212,212,721,210.06666666666666,212.0,0.0
10282,0,0,0,279,279,558,446.0,278.66666666666663,0.0
10301,0,0,0,1844,1844,3749,2044.5333333333333,1853.3333333333333,10.0
10302,0,0,1,692,892,1836,1662.0,892.0,0.0
10303,0,0,0,842,842,2471,2152.3,841.3333333333333,0.0
10304,0,0,0,1449,1449,3469,2310.133333333333,1489.3333333333333,41.0
10305,0,0,2,702,1102,2288,1753.9333333333334,1102.0,0.0
10306,0,0,6,538,1738,3516,2642.5999999999995,1737.3333333333333,0.0
10307,0,0,3,132,732,1591,735.3999999999999,732.0,0.0
10308,0,0,2,338,738,1569,1296.1999999999998,737.3333333333333,0.0
10309,0,0,5,291,1291,2588,1791.8666666666668,1290.6666666666665,0.0
10310,0,0,2,1045,1445,3013,1586.4666666666665,1444.6666666666665,0.0
10311,0,0,0,0,0,123,0.0,0.0,0.0
10312,0,0,7,1038,2438,4978,3362.333333333333,2445.333333333333,8.0
10314,0,1,11,1213,3513,7467,4821.466666666666,3512.6666666666665,0.0
10451,0,0,0,2330,2330,5617,4619.3,2329.333333333333,0.0
10452,0,1,18,0,3641,14384,7720.7,3640.6666666666665,0.0
10453,0,0,0,3651,3651,10492,7827.9,3650.6666666666665,0.0
10454,0,0,0,1914,1914,5077,3968.3,1913.3333333333333,0.0
10455,0,0,0,1672,1672,4707,4246.5,1671.3333333333333,0.0
10456,0,0,0,4479,4479,11421,8511.0,4478.666666666666,0.0
10457,0,0,0,4524,4524,11083,8633.2,4523.333333333333,0.0
10458,0,0,0,3724,3724,8381,7807.9,3723.333333333333,0.0
10459,0,0,0,2649,2649,6667,4930.8,2648.6666666666665,0.0
10460,0,0,0,2656,2656,7476,5406.8,2655.333333333333,0.0
10461,0,0,3,1298,1834,3960,3960.0,1833.3333333333333,0.0
10462,0,0,2,3321,3721,7546,6681.7,3720.6666666666665,0.0
10463,0,0,0,2969,2969,7218,3563.133333333333,2968.6666666666665,0.0
10464,0,0,0,59,50,173,172.86666666666667,50.0,0.0
10465,0,0,2,1779,2179,4467,2402.133333333333,2178.6666666666665,0.0
10466,0,0,0,2929,2929,6121,5980.6,2928.6666666666665,0.0
10467,0,0,0,4228,4228,10448,8542.2,4227.333333333333,0.0
10468,0,0,2,4048,4448,9156,7825.9,4447.333333333333,0.0
10469,0,0,4,2189,2989,6104,5490.3,2988.6666666666665,0.0
10470,0,1,1,574,874,1806,1077.1,874.0,0.0
10471,0,0,2,277,677,1361,836.0666666666666,676.6666666666666,0.0
10472,0,0,1,3348,3548,7325,6195.2,3547.333333333333,0.0
10473,0,0,0,2495,2495,6043,4850.7,2494.6666666666665,0.0
10474,0,0,0,668,668,1862,1300.7,667.3333333333333,0.0
10475,0,1,1,1777,2077,4185,3228.1,2076.6666666666665,0.0
10501,1,0,0,0,11,100,42.46666666666666,10.666666666666666,0.0
10502,0,0,0,215,215,488,335.5333333333333,214.66666666666666,0.0
10503,0,0,0,0,0,0,0.0,0.0,0.0
10504,0,0,0,0,0,706,490.8,347.3333333333333,547.0
10505,1,0,0,0,30,100,81.8,29.333333333333332,0.0
10506,0,0,1,11,211,491,382.4666666666667,210.66666666666666,0.0
10507,0,0,0,134,133,354,354.0,283.3333333333333,151.0
10509,0,0,0,0,0,1015,980.3999999999999,735.3333333333333,793.0
10510,0,0,0,0,0,704,476.73333333333335,250.0,378.0
10511,0,0,0,80,80,152,100.73333333333332,79.33333333333333,0.0
10512,0,0,2,226,626,1256,967.3999999999999,751.3333333333333,126.0
10514,0,0,0,223,64,808,807.3999999999999,488.0,424.0
10516,0,0,0,76,42,239,238.9333333333333,188.66666666666666,147.0
10517,0,0,0,8,8,122,5.066666666666666,7.333333333333333,0.0
10518,1,0,0,0,8,100,25.6,7.333333333333333,0.0
10519,1,0,0,0,0,100,7.799999999999999,0.0,0.0
10520,0,0,0,0,0,847,622.4666666666667,412.0,544.0
10522,0,0,0,135,93,574,573.5999999999999,394.66666666666663,302.0
10523,0,0,0,49,49,782,526.8,456.0,407.0
10524,0,1,0,0,88,216,168.86666666666667,87.33333333333333,0.0
10526,0,1,0,0,54,200,82.79999999999998,54.0,0.0
10527,0,0,0,0,0,64,35.7,10.0,64.0
10528,0,0,0,103,41,793,792.9333333333334,524.0,483.0
10530,0,0,0,416,416,821,582.0666666666666,578.0,162.0
10532,0,0,0,22,22,403,236.26666666666665,192.66666666666666,171.0
10533,0,0,1,71,271,628,575.4666666666667,358.66666666666663,88.0
10535,0,0,0,5,5,105,5.3,4.666666666666666,0.0
10536,0,0,0,321,108,636,635.5333333333333,343.3333333333333,236.0
10537,0,1,0,0,67,200,147.0,66.66666666666666,0.0
10538,0,0,1,417,437,1272,1271.1999999999998,808.6666666666666,372.0
10540,0,0,0,0,0,220,5.199999999999999,0.0,140.0
10541,0,0,0,315,278,1273,1272.1333333333332,866.0,588.0
10542,0,0,0,0,0,0,0.0,0.0,0.0
10543,0,0,0,370,362,1237,1236.2666666666667,761.3333333333333,400.0
10545,1,0,0,0,0,100,2.6666666666666665,0.0,0.0
10546,1,0,0,0,32,100,62.099999999999994,31.333333333333332,0.0
10547,0,0,0,0,0,817,335.19999999999993,246.66666666666666,497.0
10548,1,0,0,91,141,312,199.9333333333333,202.0,61.0
10549,0,0,0,346,346,1080,882.1999999999999,930.0,584.0
10550,0,0,3,735,1114,3097,3096.7,1418.0,304.0
10552,0,0,0,517,517,1113,839.6,688.6666666666666,172.0
10553,0,0,1,92,292,648,606.6,292.0,0.0
10560,0,0,1,56,256,585,288.1333333333333,255.33333333333331,0.0
10562,0,0,0,599,599,2336,1364.8666666666666,1171.3333333333333,573.0
10566,0,0,0,314,314,1176,961.9333333333334,693.3333333333333,380.0
10567,0,1,2,172,672,1387,999.8666666666666,756.6666666666666,85.0
10570,0,0,0,322,301,638,637.1333333333333,439.3333333333333,139.0
10573,0,0,0,998,998,2555,1975.3333333333333,1498.6666666666665,501.0
10576,1,0,0,16,66,156,153.13333333333333,65.33333333333333,0.0
10577,0,0,0,0,0,365,125.6,141.33333333333331,336.0
10578,0,1,0,0,19,200,128.26666666666665,18.666666666666664,0.0
10579,0,0,0,76,55,306,306.0,132.66666666666666,78.0
10580,0,0,1,333,276,1143,1142.4666666666665,534.0,258.0
10583,0,0,0,772,105,2548,2547.4666666666662,1454.0,1349.0
10588,0,0,1,15,215,456,189.0,214.66666666666666,0.0
10589,0,0,0,142,63,352,351.5,121.33333333333333,59.0
10590,0,0,0,102,53,347,346.8666666666666,216.0,163.0
10591,0,0,0,325,325,1861,1066.0666666666666,909.3333333333333,585.0
10594,1,0,1,0,240,532,317.2,239.33333333333331,0.0
10595,0,0,0,0,0,740,262.8666666666667,237.33333333333331,605.0
10596,1,0,0,0,10,100,18.799999999999997,9.333333333333332,0.0
10597,1,0,0,0,6,100,58.7,5.333333333333333,0.0
10598,0,0,0,0,0,1592,1415.4666666666665,851.3333333333333,1049.0
10601,0,0,0,55,0,339,338.2,220.0,229.0
10603,0,0,2,312,712,1434,1018.1333333333333,770.0,58.0
10604,0,0,0,46,46,773,766.7333333333332,471.3333333333333,426.0
10605,0,0,0,0,0,2123,872.1999999999999,652.6666666666666,1454.0
10606,0,0,0,80,80,1003,756.1333333333333,627.3333333333333,548.0
10607,0,0,0,65,17,410,409.29999999999995,222.66666666666666,206.0
10701,0,0,2,2355,2297,5811,5810.4,3125.333333333333,829.0
10703,0,0,0,657,657,1615,1001.6,821.3333333333333,165.0
10704,1,0,3,562,1212,2482,1474.5333333333333,1250.0,38.0
10705,0,0,0,1230,1025,2980,2979.5,1306.0,281.0
10706,0,0,0,0,0,630,426.4,271.3333333333333,322.0
10707,0,0,0,193,193,550,493.3333333333333,476.66666666666663,284.0
10708,0,0,3,63,663,1396,967.7333333333332,755.3333333333333,93.0
10709,0,0,0,287,287,724,541.5333333333333,323.3333333333333,37.0
10710,0,1,0,708,808,1665,1106.5333333333333,807.3333333333333,0.0
10801,0,0,0,704,704,2728,1860.8666666666668,1226.0,522.0
10803,0,0,0,242,0,902,901.9333333333334,437.3333333333333,559.0
10804,0,0,0,0,0,1215,935.0666666666666,442.66666666666663,650.0
10805,1,0,2,210,660,1348,793.7333333333332,762.6666666666666,103.0
10901,0,0,0,544,544,1517,1322.7333333333331,852.6666666666666,309.0
10910,0,0,0,0,0,0,0.0,0.0,0.0
10911,0,0,0,0,0,0,0.0,0.0,0.0
10913,0,0,0,0,0,363,213.86666666666667,94.0,175.0
10914,0,0,0,0,0,52,30.93333333333333,0.0,45.0
10915,0,0,0,0,0,0,0.0,0.0,0.0
10916,0,0,1,0,103,408,218.73333333333335,102.66666666666666,0.0
10917,0,0,0,154,154,329,149.6,196.66666666666666,43.0
10918,0,1,1,122,422,888,602.6666666666666,511.3333333333333,90.0
10919,0,0,0,16,16,116,33.8,15.333333333333332,0.0
10920,0,0,0,0,0,462,369.06666666666666,259.3333333333333,277.0
10921,0,0,0,27,23,209,208.33333333333331,148.0,125.0
10922,0,0,1,0,118,400,63.33333333333333,117.33333333333333,0.0
10923,0,0,2,64,464,1035,602.0666666666666,562.6666666666666,99.0
10924,0,0,0,207,148,642,641.8,486.66666666666663,339.0
10925,1,0,0,57,107,226,178.2,106.66666666666666,0.0
10926,0,0,1,0,167,400,201.59999999999997,166.66666666666666,0.0
10927,0,0,0,515,425,1134,1133.6,704.6666666666666,280.0
10928,0,1,0,48,148,349,262.59999999999997,148.0,0.0
10930,0,0,1,0,158,492,436.8,215.33333333333331,58.0
10931,0,1,0,0,89,200,90.2,88.66666666666666,0.0
10932,0,0,0,0,0,0,0.0,0.0,0.0
10933,1,0,0,0,28,100,42.39999999999999,28.0,0.0
10940,0,0,0,1489,1489,3055,2889.0,2284.0,795.0
10941,0,0,0,0,0,723,588.8,428.66666666666663,464.0
10950,0,0,23,693,5293,10606,6900.666666666666,5772.0,479.0
10952,0,1,20,531,4631,9312,5402.0,4754.0,123.0
10953,0,0,0,0,0,0,0.0,0.0,0.0
10954,0,0,0,832,832,1784,1207.1333333333332,962.6666666666666,131.0
10956,0,0,0,262,262,1911,1504.7999999999997,1079.3333333333333,818.0
10958,0,1,0,0,62,200,118.46666666666665,61.33333333333333,0.0
10960,0,0,0,130,124,590,589.3333333333333,412.0,288.0
10962,0,0,1,0,120,416,206.06666666666666,120.0,0.0
10963,0,0,0,80,80,204,190.86666666666667,123.33333333333333,44.0
10964,0,0,0,0,0,135,42.73333333333333,14.0,111.0
10965,0,0,0,321,282,936,935.5333333333333,656.0,374.0
10968,0,0,0,0,0,173,83.8,111.33333333333333,173.0
10969,0,1,0,0,68,200,127.6,68.0,0.0
10970,0,0,3,107,707,1476,777.2666666666667,812.0,105.0
10973,0,0,0,0,0,183,127.86666666666667,22.0,143.0
10974,0,1,0,39,139,287,151.79999999999998,138.66666666666666,0.0
10975,1,0,0,0,0,100,38.0,0.0,0.0
10976,1,0,0,0,17,100,59.93333333333334,16.666666666666664,0.0
10977,0,0,16,2215,4555,10902,10901.4,5716.0,1161.0
10979,0,0,0,0,0,0,0.0,0.0,0.0
10980,0,1,0,307,407,856,638.1333333333333,514.0,107.0
10983,0,0,0,111,111,357,204.2,110.66666666666666,0.0
10984,0,1,0,99,199,442,189.13333333333333,198.66666666666666,0.0
10985,1,0,0,0,4,100,3.0,4.0,0.0
10986,1,0,0,0,30,100,78.0,29.333333333333332,0.0
10987,0,1,0,4,104,244,137.2,103.33333333333333,0.0
10988,1,0,0,0,44,100,47.46666666666667,44.0,0.0
10989,0,0,0,76,76,337,294.79999999999995,189.33333333333331,114.0
10990,0,0,1,32,196,838,837.3333333333333,476.0,280.0
10992,0,0,0,193,163,553,552.1333333333333,389.3333333333333,227.0
10993,0,0,0,0,0,401,162.8,48.666666666666664,303.0
10994,0,0,0,37,37,862,391.5,186.0,149.0
10996,0,0,2,0,356,800,463.66666666666663,355.3333333333333,0.0
10998,0,1,0,29,129,272,213.86666666666667,172.0,43.0
11001,0,0,1,360,560,1297,1285.8666666666666,747.3333333333333,188.0
11003,0,0,0,1573,1573,3988,2083.6666666666665,1781.3333333333333,209.0
11004,0,0,1,396,596,1223,660.0,596.0,0.0
11005,0,0,0,0,0,0,0.0,0.0,0.0
11010,0,1,3,272,972,1954,1292.1333333333332,972.0,0.0
11020,0,0,0,115,60,257,256.06666666666666,121.33333333333333,62.0
11021,1,0,1,188,423,890,889.7333333333332,624.6666666666666,202.0
11023,0,0,1,85,285,840,808.8666666666666,502.0,217.0
11024,0,0,0,268,268,820,731.7333333333332,570.0,302.0
11030,0,0,0,267,200,956,955.8666666666666,478.66666666666663,279.0
11040,0,0,0,613,572,1833,1832.7333333333331,1298.0,726.0
11042,0,0,0,0,0,282,0.0,0.0,282.0
11050,0,0,0,330,330,2258,1931.7333333333331,1285.3333333333333,956.0
11096,0,0,1,261,428,1010,1009.3,594.6666666666666,167.0
11101,0,0,0,1402,1402,3018,2057.2,1407.3333333333333,6.0
11102,0,0,0,916,916,2306,1384.0,915.3333333333333,0.0
11103,0,1,2,502,1002,2026,1030.0666666666666,1001.3333333333333,0.0
11104,0,0,0,1180,1180,2409,1194.3999999999999,1179.3333333333333,0.0
11105,0,0,3,780,1380,2810,1562.7999999999997,1402.0,22.0
11106,0,0,0,1299,1299,2834,1466.6666666666665,1298.6666666666665,0.0
11109,0,1,2,86,586,1175,470.19999999999993,585.3333333333333,0.0
11201,0,0,7,1900,3300,6657,3320.333333333333,3300.0,0.0
11203,0,0,0,2692,2692,6097,5174.7,2691.333333333333,0.0
11204,0,1,8,3106,4806,9698,9011.2,4806.0,0.0
11205,0,1,11,868,3168,6386,3845.2,3167.333333333333,0.0
11206,0,0,8,3202,4802,9635,8969.0,4801.333333333333,0.0
11207,0,0,0,4251,4251,10467,8164.8,4250.666666666666,0.0
11208,0,0,4,4718,5518,11372,10240.5,5517.333333333333,0.0
11209,0,0,7,1391,2791,5614,3345.2666666666664,2790.6666666666665,0.0
11210,0,0,2,1917,2317,4731,3465.7999999999997,2316.6666666666665,0.0
11211,0,1,4,2408,3308,6661,3515.5333333333333,3307.333333333333,0.0
11212,0,0,0,3926,3926,9356,7323.5,3926.0,0.0
11213,0,1,5,2109,3209,6500,5914.6,3223.333333333333,15.0
11214,0,0,5,2487,3487,6985,6977.8,3486.6666666666665,0.0
11215,0,0,4,3008,3808,7733,4208.533333333333,3808.0,0.0
11216,0,0,2,1672,2072,4250,2472.2666666666664,2071.333333333333,0.0
11217,0,0,7,1063,2463,5046,2088.9333333333334,2462.6666666666665,0.0
11218,0,1,1,2988,3288,6675,4596.2,3287.333333333333,0.0
11219,0,0,28,2484,8084,16279,13809.8,8083.333333333333,0.0
11220,0,0,11,2052,3855,8703,8702.2,3854.6666666666665,0.0
11221,0,0,1,2878,3078,6249,5778.7,3077.333333333333,0.0
11222,0,0,5,629,1629,3301,1455.2666666666667,1628.6666666666665,0.0
11223,0,0,15,1428,4428,8876,8003.9,4428.0,0.0
11224,0,0,3,916,1516,3281,3256.6,1516.0,0.0
11225,0,0,1,1836,2036,4229,3561.1,2035.3333333333333,0.0
11226,0,0,4,2911,3711,7610,6777.8,3710.6666666666665,0.0
11228,0,0,2,1120,1520,3132,1998.0,1519.3333333333333,0.0
11229,0,0,7,1786,3186,6426,4357.666666666666,3185.333333333333,0.0
11230,0,1,22,779,5279,10603,6032.466666666667,5278.666666666666,0.0
11231,0,1,3,1412,2112,4274,2358.6666666666665,2111.333333333333,0.0
11232,0,0,0,1028,1028,2727,2125.9,1028.0,0.0
11233,1,0,2,3352,3802,7667,6608.2,3802.0,0.0
11234,0,0,2,2710,3110,6380,4411.866666666667,3110.0,0.0
11235,0,0,6,1676,2876,5829,3423.7333333333336,2875.333333333333,0.0
11236,0,0,0,3808,3808,8408,7787.5,3808.0,0.0
11237,0,0,0,1343,1343,2812,2535.2,1342.6666666666665,0.0
11238,0,0,5,1968,2968,5978,2651.5333333333333,2968.0,0.0
11239,0,0,0,325,325,1127,983.9,324.66666666666663,0.0
11249,0,1,14,283,3183,6398,3306.6666666666665,3182.6666666666665,0.0
11354,0,0,2,1256,1656,3309,2724.2,1656.0,0.0
11355,0,0,0,2543,2543,5996,4699.5,2542.6666666666665,0.0
11356,0,0,3,766,1366,2848,2236.4,1366.0,0.0
11357,0,0,2,1062,1462,2949,2075.133333333333,1462.0,0.0
11358,0,1,3,649,1349,2728,2537.1,1348.6666666666665,0.0
11359,0,0,0,0,0,0,0.0,0.0,0.0
11360,0,1,0,473,573,1158,645.4666666666667,572.6666666666666,0.0
11361,0,0,0,1149,1149,2650,1354.3333333333333,1148.6666666666665,0.0
11362,0,1,0,318,418,867,620.3333333333333,417.3333333333333,0.0
11363,0,0,0,208,208,434,389.66666666666663,222.66666666666666,15.0
11364,0,0,0,1268,1268,2598,1878.3333333333333,1267.3333333333333,0.0
11365,1,0,3,1286,1936,3892,3581.3,1936.0,0.0
11366,0,0,0,555,555,1142,626.1333333333333,554.6666666666666,0.0
11367,0,0,2,2143,2543,5148,4088.1,2542.6666666666665,0.0
11368,0,0,12,2863,5263,10720,10023.6,5262.666666666666,0.0
11369,0,0,0,952,952,2396,2100.8,952.0,0.0
11370,1,0,3,203,853,1735,1636.5,852.6666666666666,0.0
11371,0,0,0,0,0,0,0.0,0.0,0.0
11372,0,0,4,1722,2522,5089,4841.9,2537.333333333333,16.0
11373,0,0,3,3060,3660,7618,7606.4,3659.333333333333,0.0
11374,0,0,0,1819,1819,3670,2217.6,1818.6666666666665,0.0
11375,0,0,8,1301,2901,5878,3508.2666666666664,2900.6666666666665,0.0
11377,0,1,2,2971,3471,7017,6156.0,3470.6666666666665,0.0
11378,0,0,5,578,1578,3210,1931.1333333333332,1578.0,0.0
11379,0,0,0,1125,1125,2743,1747.5333333333333,1124.6666666666665,0.0
11385,0,1,5,2918,4018,8108,7604.9,4018.0,0.0
11411,0,0,0,615,615,1360,801.3999999999999,614.6666666666666,0.0
11412,0,0,0,1407,1407,3081,2680.3,1406.6666666666665,0.0
11413,0,0,0,1416,1416,3725,3080.9,1415.3333333333333,0.0
11414,0,0,3,843,1443,2871,1716.2666666666667,1442.6666666666665,0.0
11415,0,0,4,0,784,1663,927.8666666666666,784.0,0.0
11416,0,0,3,556,1156,2333,2283.8,1156.0,0.0
11417,0,0,3,749,1349,2787,2754.5,1348.6666666666665,0.0
11418,0,0,0,1578,1578,3188,2990.2,1577.3333333333333,0.0
11419,0,0,2,924,1305,2814,2813.6,1304.6666666666665,0.0
11420,0,0,0,1658,1658,3553,3126.6,1658.0,0.0
11421,0,0,2,1200,1600,3294,2956.5,1599.3333333333333,0.0
11422,0,0,0,901,868,2074,2073.1,867.3333333333333,0.0
11423,1,0,2,466,840,1855,1854.8,840.0,0.0
11424,0,0,0,0,0,0,0.0,0.0,0.0
11426,0,0,1,630,830,1741,870.0666666666666,829.3333333333333,0.0
11427,1,0,5,177,1227,2468,1213.3333333333333,1226.6666666666665,0.0
11428,0,0,1,450,650,1395,1102.7,650.0,0.0
11429,1,0,2,333,732,1590,1589.2,731.3333333333333,0.0
11430,1,0,0,0,0,100,15.0,0.0,0.0
11432,0,0,8,1186,2786,5618,4879.8,2785.333333333333,0.0
11433,0,0,0,1892,1892,3997,3403.7,1891.3333333333333,0.0
11434,0,0,0,2813,2813,6038,5549.7,2812.6666666666665,0.0
11435,0,0,8,1625,3225,6584,5124.6,3224.6666666666665,0.0
11436,0,0,3,34,608,1490,1489.7,608.0,0.0
11439,0,0,0,0,0,0,0.0,0.0,0.0
11451,0,0,0,0,0,0,0.0,0.0,0.0
11501,0,0,0,54,0,987,986.8666666666666,690.6666666666666,691.0
11507,0,0,0,170,170,383,287.2,170.0,0.0
11509,0,1,0,0,27,200,102.6,26.666666666666664,0.0
11510,0,0,0,731,731,2278,1540.0,1080.0,349.0
11514,0,0,0,69,69,345,333.06666666666666,190.66666666666666,122.0
11516,0,0,1,0,147,556,537.8666666666666,286.66666666666663,140.0
11518,0,0,0,83,83,555,488.73333333333335,370.66666666666663,288.0
11520,0,0,0,966,966,3775,3302.8,1597.3333333333333,632.0
11530,0,0,1,490,648,1561,1560.6,898.6666666666666,251.0
11542,0,0,0,247,247,1700,1273.6,935.3333333333333,689.0
11545,0,0,0,37,37,746,529.4666666666667,248.0,211.0
11547,1,0,0,0,0,100,20.133333333333333,0.0,0.0
11548,0,0,0,0,0,263,36.8,13.333333333333332,223.0
11549,1,0,0,0,2,100,0.6666666666666666,1.3333333333333333,0.0
11550,0,0,0,2428,2234,5190,5189.8,2676.6666666666665,443.0
11552,0,0,0,725,725,1543,1511.3999999999999,1014.6666666666666,290.0
11553,0,0,0,1270,1270,2752,2349.8,1424.6666666666665,155.0
11554,0,0,1,856,1056,2218,1842.7333333333331,1461.3333333333333,406.0
11556,0,0,0,0,0,116,0.0,0.0,116.0
11557,0,0,0,112,112,502,447.73333333333335,298.66666666666663,187.0
11558,0,0,0,274,274,546,360.3333333333333,330.66666666666663,57.0
11559,0,0,0,0,0,745,557.8666666666666,398.0,729.0
11560,0,1,0,85,185,402,358.9333333333333,242.0,57.0
11561,0,0,1,528,728,1582,1305.5333333333333,1100.6666666666665,373.0
11563,0,0,0,168,168,1416,990.1333333333333,848.6666666666666,681.0
11565,0,0,0,256,256,579,439.66666666666663,429.3333333333333,174.0
11566,0,0,0,467,467,2335,1904.6666666666665,1464.0,997.0
11568,0,0,0,0,0,291,124.66666666666666,38.666666666666664,270.0
11569,1,0,0,0,0,100,15.199999999999998,0.0,0.0
11570,0,0,1,401,498,1454,1453.6,1013.3333333333333,516.0
11572,0,0,0,252,98,1399,1398.3999999999999,893.3333333333333,796.0
11575,0,0,0,843,843,2229,1907.2,1146.6666666666665,304.0
11576,0,0,0,0,0,562,551.8,308.66666666666663,518.0
11577,0,0,0,252,85,685,684.1333333333333,291.3333333333333,207.0
11579,0,1,0,91,191,431,353.73333333333335,210.66666666666666,20.0
11580,0,0,0,652,616,1513,1512.3999999999999,884.6666666666666,269.0
11581,0,0,1,482,682,1444,1295.4666666666665,838.0,156.0
11590,0,0,0,1551,1551,3288,2530.3999999999996,2026.6666666666665,476.0
11596,1,0,0,238,229,591,591.0,378.66666666666663,150.0
11598,0,0,2,33,433,1225,1196.0666666666666,732.0,299.0
11691,0,0,6,2832,4032,8112,7635.5,4032.0,0.0
11692,0,0,2,875,1139,2577,2576.4,1138.6666666666665,0.0
11693,0,0,1,254,454,982,621.3999999999999,454.0,0.0
11694,0,0,1,711,911,1863,1210.1333333333332,910.6666666666666,0.0
11697,0,0,1,0,154,400,279.8,153.33333333333331,0.0
11701,0,0,0,557,557,1232,1207.6,848.0,291.0
11702,0,0,0,349,349,722,587.2666666666667,527.3333333333333,179.0
11703,0,0,0,554,554,1655,903.4666666666667,554.0,0.0
11704,0,1,0,928,1028,2100,1646.0,1210.6666666666665,183.0
11705,0,0,0,154,154,372,369.8666666666666,268.0,114.0
11706,0,0,0,1820,1820,4228,3785.866666666667,2704.6666666666665,885.0
11709,0,1,0,23,123,275,242.86666666666667,122.66666666666666,0.0
11710,0,0,0,884,564,1901,1900.3999999999999,1142.6666666666665,579.0
11713,0,1,0,152,252,565,559.5,296.66666666666663,45.0
11714,0,0,0,462,462,1260,1109.6666666666665,799.3333333333333,338.0
11715,0,1,0,25,82,265,264.7,81.33333333333333,0.0
11716,0,0,0,119,119,839,492.59999999999997,423.3333333333333,305.0
11717,0,0,2,2049,2064,5215,5214.6,2644.6666666666665,581.0
11718,0,1,0,0,91,200,194.59999999999997,90.66666666666666,0.0
11719,0,0,0,56,26,178,177.66666666666666,126.66666666666666,101.0
11720,0,1,2,447,947,1930,1344.3999999999999,1062.6666666666665,116.0
11721,0,0,0,59,57,247,246.53333333333333,220.66666666666666,164.0
11722,0,0,4,779,1579,3241,3018.5,1622.0,43.0
11724,0,0,0,84,84,212,208.59999999999997,160.66666666666666,77.0
11725,0,0,0,0,0,1937,1358.2666666666667,974.6666666666666,1272.0
11726,0,0,3,421,1021,2123,1883.0,1077.3333333333333,57.0
11727,0,0,1,608,808,1622,1429.7999999999997,1181.3333333333333,374.0
11729,0,0,1,463,663,1384,1113.6,817.3333333333333,155.0
11730,0,1,1,63,363,758,612.8,458.0,95.0
11731,0,1,1,545,845,1722,1592.1333333333332,1272.0,427.0
11732,0,1,0,0,72,200,158.33333333333331,72.0,0.0
11733,0,0,0,135,0,831,830.5333333333333,508.66666666666663,656.0
11735,0,0,0,413,413,1408,1336.7333333333331,1017.3333333333333,605.0
11738,0,0,1,490,690,1367,1094.8,977.3333333333333,288.0
11739,0,0,0,0,0,116,33.599999999999994,14.666666666666666,116.0
11740,0,0,0,280,156,552,551.4,318.66666666666663,163.0
11741,0,1,1,551,851,1751,1423.6,1070.0,219.0
11742,0,0,0,329,329,810,688.5333333333333,552.0,223.0
11743,0,0,0,46,0,1804,1804.0,1001.3333333333333,1208.0
11746,0,0,0,1280,853,3348,3347.933333333333,2260.0,1407.0
11747,0,0,0,54,0,870,869.0666666666666,620.6666666666666,718.0
11749,0,0,0,13,13,259,170.13333333333333,119.33333333333333,107.0
11751,1,0,1,108,358,730,547.9333333333333,451.3333333333333,94.0
11752,0,0,0,0,0,458,429.8,243.33333333333331,381.0
11753,0,0,1,113,313,802,749.8666666666666,396.0,83.0
11754,0,0,0,360,360,900,892.3333333333333,682.0,322.0
11755,1,0,0,258,308,651,616.3333333333333,308.0,0.0
11756,0,0,0,611,611,1914,1777.2,1570.0,959.0
11757,0,0,0,1061,1061,2243,2032.1333333333332,1583.3333333333333,523.0
11758,0,0,0,1046,1046,2652,2395.2666666666664,1978.0,932.0
11762,0,1,2,386,886,1820,1082.4666666666667,885.3333333333333,0.0
11763,0,0,0,570,236,1509,1508.7333333333331,877.3333333333333,642.0
11764,0,0,0,203,0,571,570.8666666666666,286.0,321.0
11765,0,0,0,26,26,98,39.39999999999999,26.0,0.0
11766,0,0,0,256,78,573,572.6666666666666,318.66666666666663,241.0
11767,0,0,1,103,303,711,704.5333333333333,428.0,125.0
11768,0,0,0,73,53,851,850.5333333333333,552.6666666666666,500.0
11769,0,0,0,148,89,305,304.46666666666664,224.66666666666666,136.0
11770,1,0,0,0,0,100,4.199999999999999,0.0,0.0
11771,0,0,2,122,522,1142,534.7333333333333,587.3333333333333,66.0
11772,0,0,1,771,971,2125,2073.333333333333,1648.6666666666665,678.0
11776,0,0,3,92,692,1470,1212.8666666666666,765.3333333333333,74.0
11777,0,0,0,155,48,403,402.19999999999993,244.66666666666666,197.0
11778,0,0,1,275,475,980,719.8666666666666,591.3333333333333,117.0
11779,0,0,0,131,131,1907,1852.3333333333333,1387.3333333333333,1257.0
11780,0,0,1,127,327,699,651.4666666666667,366.0,39.0
11782,1,0,0,381,431,880,823.8,530.6666666666666,100.0
11783,0,0,0,368,261,969,968.6666666666666,607.3333333333333,347.0
11784,0,0,3,419,1019,2080,1333.5333333333333,1118.0,99.0
11786,0,0,0,177,61,350,349.8,152.0,91.0
11787,0,0,0,345,345,1593,1425.6666666666665,940.0,595.0
11788,0,0,0,127,127,825,774.0666666666666,699.3333333333333,573.0
11789,0,0,1,0,130,400,362.26666666666665,129.33333333333331,0.0
11790,0,0,0,299,175,595,594.1999999999999,454.66666666666663,280.0
11791,0,0,0,80,0,1568,1567.3999999999999,708.6666666666666,1066.0
11792,0,0,0,131,131,398,392.26666666666665,274.0,143.0
11793,0,0,0,758,494,1584,1583.0666666666666,1045.3333333333333,552.0
11794,0,0,0,0,0,160,0.0,0.0,160.0
11795,0,0,0,471,384,1177,1176.6666666666665,939.3333333333333,556.0
11796,0,1,0,43,143,298,177.9333333333333,142.66666666666666,0.0
11797,0,0,0,0,0,825,486.19999999999993,380.0,770.0
11798,0,0,1,482,641,1676,1675.5,744.0,103.0
11801,0,0,0,337,323,1692,1691.3333333333333,1053.3333333333333,731.0
11803,0,0,0,0,0,1892,1605.3999999999999,937.3333333333333,1425.0
11804,0,0,1,0,196,400,283.2,196.0,0.0
11901,0,0,1,825,1025,2141,2095.9,1506.6666666666665,482.0
11930,1,0,0,0,12,100,18.0,12.0,0.0
11931,0,0,0,0,0,72,0.0,0.0,72.0
11932,1,0,0,0,0,116,56.33333333333333,0.0,16.0
11933,0,1,0,82,182,407,258.79999999999995,182.0,0.0
11934,0,0,0,220,220,498,477.3333333333333,354.66666666666663,135.0
11935,0,0,0,68,0,146,145.7,28.666666666666664,38.0
11937,0,0,1,563,763,1586,1033.0666666666666,885.3333333333333,123.0
11939,1,0,0,0,25,100,28.666666666666664,24.666666666666664,0.0
11940,0,0,0,179,179,330,282.73333333333335,178.66666666666666,0.0
11941,0,1,0,0,80,216,119.06666666666666,79.33333333333333,0.0
11942,0,0,1,0,129,400,183.13333333333333,128.66666666666666,0.0
11944,0,1,0,0,56,200,129.53333333333333,56.0,0.0
11946,0,1,2,83,583,1196,730.3999999999999,626.6666666666666,44.0
11947,0,0,0,0,0,0,0.0,0.0,0.0
11948,0,0,0,0,0,70,30.6,9.333333333333332,70.0
11949,0,0,1,63,263,592,522.6666666666666,383.3333333333333,121.0
11950,0,0,3,104,704,1530,1447.2,750.0,46.0
11951,0,0,3,109,709,1496,1492.7,816.0,107.0
11952,0,1,0,0,98,200,160.39999999999998,98.0,0.0
11953,0,0,0,0,0,759,633.3333333333333,460.66666666666663,564.0
11954,0,1,0,40,111,299,298.1,170.0,59.0
11955,0,0,0,68,68,178,119.46666666666665,178.0,110.0
11956,1,0,0,0,9,100,5.7333333333333325,8.666666666666666,0.0
11957,0,0,0,0,0,0,0.0,0.0,0.0
11958,1,0,0,0,26,100,46.06666666666666,25.333333333333332,0.0
11959,0,0,0,7,2,33,32.46666666666667,28.0,26.0
11960,0,0,0,14,14,96,29.266666666666666,13.333333333333332,0.0
11961,0,0,1,78,278,576,511.0666666666666,277.3333333333333,0.0
11962,0,0,0,0,0,16,9.0,0.0,0.0
11963,0,0,1,18,218,526,406.4666666666667,217.33333333333331,0.0
11964,0,1,1,0,253,600,204.2,252.66666666666666,0.0
11965,0,0,0,0,0,0,0.0,0.0,0.0
11967,1,0,1,474,724,1489,1369.4666666666665,839.3333333333333,116.0
11968,0,0,1,0,135,623,566.5333333333333,357.3333333333333,223.0
11970,0,0,0,0,0,0,0.0,0.0,0.0
11971,1,0,0,117,112,389,388.5333333333333,243.33333333333331,132.0
11972,1,0,0,0,0,100,21.666666666666664,0.0,0.0
11973,0,0,0,0,0,89,0.0,0.0,89.0
11975,0,0,0,0,0,89,7.7333333333333325,8.666666666666666,89.0
11976,0,1,0,0,68,200,69.8,68.0,0.0
11977,0,0,0,39,0,160,159.86666666666667,120.0,121.0
11978,0,0,0,0,0,247,149.39999999999998,67.33333333333333,175.0
11980,0,0,0,0,0,597,185.53333333333333,226.0,522.0
12007,1,0,0,0,0,100,27.333333333333332,0.0,0.0
12008,1,0,0,0,29,100,40.4,28.666666666666664,0.0
12009,0,0,1,80,280,568,409.9333333333333,280.0,0.0
12010,0,0,1,738,401,2155,2154.2,1011.3333333333333,611.0
12015,0,1,0,0,84,200,157.79999999999998,84.0,0.0
12017,1,0,0,0,0,100,6.466666666666666,0.0,0.0
12018,0,1,1,18,318,686,369.06666666666666,318.0,0.0
12019,0,0,1,202,402,846,699.1333333333333,401.3333333333333,0.0
12020,0,0,0,322,26,1558,1557.8666666666668,724.6666666666666,699.0
12022,1,0,0,0,32,120,64.53333333333333,32.0,0.0
12023,0,1,0,0,96,200,132.79999999999998,96.0,0.0
12024,1,0,0,0,0,100,0.6666666666666666,0.0,0.0
12025,0,0,1,0,184,400,190.4,184.0,0.0
12027,0,0,1,0,165,408,222.06666666666666,164.66666666666666,0.0
12028,1,0,0,0,38,116,73.66666666666666,37.33333333333333,0.0
12029,1,0,0,0,7,100,18.066666666666666,6.666666666666666,0.0
12031,1,0,0,0,17,100,9.333333333333332,16.666666666666664,0.0
12032,1,0,0,0,15,100,26.0,14.666666666666666,0.0
12033,0,0,0,34,34,361,301.1333333333333,210.66666666666666,177.0
12035,1,0,0,0,0,100,24.0,0.0,0.0
12036,1,0,0,0,22,100,25.2,21.333333333333332,0.0
12037,0,1,0,52,152,320,174.66666666666666,152.0,0.0
12040,0,0,0,0,0,0,0.0,0.0,0.0
12041,1,0,0,0,0,100,2.6999999999999997,0.0,0.0
12042,1,0,0,0,0,100,9.299999999999999,0.0,0.0
12043,0,0,0,0,0,317,274.26666666666665,170.0,206.0
12045,0,0,0,22,22,42,29.333333333333332,22.0,0.0
12046,1,0,0,0,19,100,40.5,18.666666666666664,0.0
12047,1,0,1,352,602,1292,1285.4666666666667,782.6666666666666,181.0
12051,0,0,1,0,153,452,190.4,174.66666666666666,22.0
12052,0,1,0,0,86,200,79.39999999999999,85.33333333333333,0.0
12053,0,0,0,48,28,172,171.79999999999998,83.33333333333333,56.0
12054,0,0,0,350,350,929,769.2666666666667,477.3333333333333,128.0
12056,0,0,0,11,0,75,74.53333333333333,41.33333333333333,64.0
12057,0,1,0,0,89,216,81.53333333333333,88.66666666666666,0.0
12058,1,0,0,0,0,100,41.1,0.0,0.0
12059,1,0,0,0,14,100,48.06666666666666,13.333333333333332,0.0
12060,1,0,0,0,14,100,44.73333333333333,13.333333333333332,0.0
12061,1,0,1,219,469,970,567.4,519.3333333333333,51.0
12062,1,0,0,0,38,100,45.73333333333333,37.33333333333333,0.0
12063,1,0,0,0,18,100,15.866666666666664,17.333333333333332,0.0
12064,1,0,0,0,10,100,9.6,10.0,0.0
12065,0,0,0,354,354,2582,2292.6,1623.3333333333333,1270.0
12066,0,0,1,0,101,400,98.2,100.66666666666666,0.0
12067,1,0,0,0,35,116,74.33333333333333,34.666666666666664,0.0
12068,0,0,0,42,42,234,128.86666666666667,42.0,0.0
12069,1,0,0,0,17,100,16.666666666666664,16.666666666666664,0.0
12070,1,0,0,0,29,100,64.86666666666666,28.666666666666664,0.0
12071,1,0,0,0,10,100,15.9,9.333333333333332,0.0
12072,0,0,1,0,150,400,195.26666666666665,149.33333333333331,0.0
12074,0,1,0,32,132,269,139.06666666666666,131.33333333333331,0.0
12075,1,0,0,0,48,100,76.66666666666666,48.0,0.0
12076,1,0,0,0,22,100,44.6,22.0,0.0
12077,0,1,1,66,366,749,353.8666666666666,366.0,0.0
12078,0,0,2,283,564,1739,1738.3,800.0,236.0
12082,0,0,0,0,0,0,0.0,0.0,0.0
12083,0,0,0,100,76,223,222.4,111.33333333333333,36.0
12084,0,1,0,92,192,432,277.3333333333333,191.33333333333331,0.0
12085,0,0,0,0,0,74,6.6,0.0,54.0
12086,0,0,0,0,0,137,41.0,39.33333333333333,65.0
12087,1,0,0,0,34,100,44.06666666666666,34.0,0.0
12090,0,0,1,27,227,503,374.9333333333333,302.66666666666663,76.0
12092,1,0,0,0,30,100,56.53333333333333,29.333333333333332,0.0
12093,1,0,0,0,36,116,54.4,35.33333333333333,0.0
12094,0,1,0,0,54,200,131.86666666666667,53.33333333333333,0.0
12095,0,0,0,381,250,863,863.0,417.3333333333333,168.0
12106,1,0,0,0,39,100,70.6,38.666666666666664,0.0
12108,1,0,0,0,7,100,6.666666666666666,6.666666666666666,0.0
12110,0,0,0,101,79,786,785.1999999999999,539.3333333333333,461.0
12115,0,0,0,0,0,0,0.0,0.0,0.0
12116,1,0,0,0,36,108,65.26666666666667,36.0,0.0
12117,0,1,0,0,71,215,96.93333333333334,85.33333333333333,15.0
12118,0,0,1,341,541,1117,758.0,662.6666666666666,122.0
12120,1,0,0,0,24,108,25.866666666666664,24.0,0.0
12121,0,1,0,0,81,200,107.26666666666667,80.66666666666666,0.0
12122,0,0,0,52,52,216,110.2,91.33333333333333,40.0
12123,0,0,0,161,161,321,243.26666666666665,230.66666666666666,70.0
12124,1,0,0,0,28,108,14.0,28.0,0.0
12125,1,0,0,0,32,100,54.8,32.0,0.0
12130,1,0,0,0,6,100,53.0,5.333333333333333,0.0
12131,1,0,0,0,12,100,11.333333333333332,11.333333333333332,0.0
12132,1,0,0,0,9,100,6.533333333333333,8.666666666666666,0.0
12134,1,0,0,69,119,249,167.46666666666664,118.66666666666666,0.0
12136,0,0,0,6,6,22,9.666666666666666,6.0,0.0
12137,1,0,0,5,55,113,104.46666666666665,54.666666666666664,0.0
12138,0,1,0,0,78,200,113.46666666666665,77.33333333333333,0.0
12139,1,0,0,0,9,100,10.0,8.666666666666666,0.0
12140,1,0,0,15,65,167,75.9,64.66666666666666,0.0
12143,0,0,0,79,60,195,194.9333333333333,144.0,84.0
12144,0,0,0,522,522,1040,984.7333333333332,815.3333333333333,294.0
12147,1,0,0,0,0,100,15.7,0.0,0.0
12148,1,0,0,58,108,226,162.39999999999998,107.33333333333333,0.0
12149,1,0,0,21,69,161,161.0,68.66666666666666,0.0
12150,1,0,0,0,45,100,33.5,44.666666666666664,0.0
12151,1,0,0,0,36,108,60.8,35.33333333333333,0.0
12153,1,0,0,0,4,100,64.6,3.333333333333333,0.0
12154,0,0,0,66,66,134,96.06666666666666,65.33333333333333,0.0
12155,0,0,0,33,0,101,100.1,12.666666666666666,44.0
12156,1,0,0,0,28,100,48.39999999999999,27.333333333333332,0.0
12157,0,0,0,44,44,291,237.06666666666666,174.66666666666666,131.0
12158,0,1,0,52,152,320,284.06666666666666,152.0,0.0
12159,1,0,0,83,93,301,300.06666666666666,210.66666666666666,118.0
12160,1,0,0,0,42,108,36.06666666666666,42.0,0.0
12161,1,0,0,0,6,100,3.0,6.0,0.0
12164,1,0,0,0,5,100,9.799999999999999,4.666666666666666,0.0
12165,1,0,0,0,10,100,11.0,9.333333333333332,0.0
12166,0,1,0,0,80,200,97.6,79.33333333333333,0.0
12167,1,0,0,14,64,130,115.0,63.33333333333333,0.0
12168,1,0,0,0,50,100,71.13333333333333,50.0,0.0
12169,1,0,0,0,7,100,30.8,6.666666666666666,0.0
12170,0,0,0,161,161,320,238.0,222.66666666666666,62.0
12172,0,0,0,0,0,131,21.666666666666664,26.666666666666664,91.0
12173,0,1,0,0,60,200,126.26666666666665,60.0,0.0
12174,1,0,0,0,10,100,16.199999999999996,9.333333333333332,0.0
12175,1,0,0,0,18,100,45.73333333333333,18.0,0.0
12176,1,0,0,0,14,100,12.0,13.333333333333332,0.0
12177,1,0,0,0,29,100,17.333333333333332,28.666666666666664,0.0
12180,0,0,0,654,654,2267,1956.3999999999999,1490.6666666666665,837.0
12182,0,0,0,604,196,1214,1214.0,423.3333333333333,228.0
12183,0,0,1,0,164,416,199.8,164.0,0.0
12184,0,0,0,171,171,360,342.1333333333333,231.33333333333331,61.0
12185,0,1,0,0,58,200,69.8,57.33333333333333,0.0
12186,0,0,0,160,160,306,230.53333333333333,160.0,0.0
12187,0,0,0,14,14,30,17.0,14.0,0.0
12188,0,0,1,40,240,586,486.19999999999993,310.0,70.0
12189,0,1,1,304,604,1227,903.1999999999999,642.6666666666666,39.0
12190,1,0,0,0,28,116,28.53333333333333,27.333333333333332,0.0
12192,1,0,0,0,0,100,23.399999999999995,0.0,0.0
12193,1,0,0,0,50,100,92.3,49.33333333333333,0.0
12194,1,0,0,0,2,100,8.933333333333334,1.3333333333333333,0.0
12195,0,0,0,0,0,0,0.0,0.0,0.0
12196,1,0,0,88,81,279,278.8666666666667,108.0,27.0
12197,1,0,0,0,50,124,59.46666666666667,50.0,0.0
12198,0,1,0,0,95,287,279.8666666666666,157.33333333333331,63.0
12202,0,1,1,232,532,1115,688.8,532.0,0.0
12203,0,0,0,280,280,1218,879.1333333333333,678.0,398.0
12204,0,0,3,0,554,1230,549.8,553.3333333333333,0.0
12205,0,0,0,521,521,1537,1201.6,870.6666666666666,350.0
12206,0,0,0,106,0,1109,1108.1,297.3333333333333,398.0
12207,1,0,0,81,131,296,151.2,130.66666666666666,0.0
12208,0,0,0,446,446,932,698.8666666666666,620.0,174.0
12209,0,0,0,400,353,968,967.8,558.0,205.0
12210,0,0,0,0,0,478,411.5,188.0,246.0
12211,0,0,2,63,463,1084,579.5999999999999,532.0,69.0
12222,0,0,0,0,0,0,0.0,0.0,0.0
12226,0,0,0,0,0,0,0.0,0.0,0.0
12302,0,0,1,423,623,1485,1437.3999999999999,990.6666666666666,368.0
12303,0,0,1,465,665,1535,1466.0,841.3333333333333,177.0
12304,0,0,1,564,466,1678,1677.7,873.3333333333333,408.0
12305,0,0,0,0,0,236,202.3,163.33333333333331,193.0
12306,0,1,1,550,850,1735,1382.7999999999997,1206.0,356.0
12307,0,0,1,169,369,853,763.4,368.66666666666663,0.0
12308,0,0,1,215,394,886,885.9,530.6666666666666,137.0
12309,0,0,2,904,1304,2612,1944.8666666666668,1588.6666666666665,285.0
12401,1,0,0,860,910,1858,1803.7999999999997,1432.0,522.0
12404,0,1,0,32,132,312,175.73333333333335,132.0,0.0
12405,1,0,0,0,12,108,11.2,11.333333333333332,0.0
12406,0,0,0,0,0,34,3.1999999999999997,0.6666666666666666,34.0
12407,1,0,0,0,3,100,6.8,2.6666666666666665,0.0
12409,1,0,0,0,38,100,36.93333333333333,37.33333333333333,0.0
12410,0,0,0,0,0,0,0.0,0.0,0.0
12411,1,0,0,0,17,100,22.9,16.666666666666664,0.0
12412,1,0,0,0,0,100,10.066666666666666,0.0,0.0
12413,1,0,0,1,0,187,186.8,50.0,58.0
12414,0,0,1,174,374,790,333.5333333333333,374.0,0.0
12416,0,0,0,0,0,0,0.0,0.0,0.0
12417,1,0,0,0,0,100,6.799999999999999,0.0,0.0
12418,1,0,0,0,20,100,17.5,19.333333333333332,0.0
12419,1,0,0,6,56,114,50.46666666666667,55.33333333333333,0.0
12420,0,1,0,0,66,200,33.0,66.0,0.0
12421,1,0,0,0,0,100,6.5,0.0,0.0
12422,1,0,0,0,0,100,2.1999999999999997,0.0,0.0
12423,1,0,0,0,6,100,59.7,6.0,0.0
12424,1,0,0,0,0,100,4.3999999999999995,0.0,0.0
12427,0,0,1,0,131,400,147.4,130.66666666666666,0.0
12428,1,0,0,142,43,397,396.5,102.0,59.0
12429,0,0,0,0,0,0,0.0,0.0,0.0
12430,1,0,0,0,26,100,62.33333333333333,26.0,0.0
12431,0,1,0,0,72,208,87.46666666666665,71.33333333333333,0.0
12432,0,0,0,0,0,102,13.0,0.0,0.0
12433,1,0,0,0,40,100,46.53333333333333,39.33333333333333,0.0
12434,1,0,0,7,57,115,95.9,56.666666666666664,0.0
12435,1,0,0,0,5,100,18.7,4.666666666666666,0.0
12436,1,0,0,0,0,100,1.7999999999999998,0.0,0.0
12438,1,0,0,0,0,100,1.7999999999999998,0.0,0.0
12439,1,0,0,0,6,100,6.1,5.333333333333333,0.0
12440,1,0,0,0,26,100,66.7,25.333333333333332,0.0
12441,0,0,0,0,0,0,0.0,0.0,0.0
12442,1,0,0,0,20,100,19.0,20.0,0.0
12443,0,0,0,2,2,180,137.33333333333331,120.66666666666666,119.0
12444,1,0,0,0,0,100,3.2666666666666666,0.0,0.0
12446,0,0,1,0,180,416,197.33333333333331,180.0,0.0
12448,0,0,0,0,0,0,0.0,0.0,0.0
12449,0,0,0,0,0,243,95.2,66.66666666666666,103.0
12450,1,0,0,0,7,100,12.0,6.666666666666666,0.0
12451,1,0,0,0,43,108,50.4,42.666666666666664,0.0
12452,0,0,0,0,0,0,0.0,0.0,0.0
12453,0,0,0,0,0,0,0.0,0.0,0.0
12454,1,0,0,0,24,100,30.866666666666664,24.0,0.0
12455,1,0,0,0,31,108,79.06666666666666,30.666666666666664,0.0
12456,1,0,0,0,12,100,56.6,11.333333333333332,0.0
12457,1,0,0,16,66,132,53.39999999999999,66.0,0.0
12458,1,0,0,0,41,100,80.19999999999999,40.666666666666664,0.0
12459,0,0,0,0,0,0,0.0,0.0,0.0
12460,1,0,0,0,29,100,26.8,28.666666666666664,0.0
12461,1,0,0,0,48,116,56.9,48.0,0.0
12463,1,0,0,0,15,112,33.33333333333333,14.666666666666666,0.0
12464,0,0,0,0,0,27,13.666666666666666,9.333333333333332,16.0
12465,1,0,0,0,7,100,9.0,6.666666666666666,0.0
12466,0,0,0,78,78,173,155.0,77.33333333333333,0.0
12468,1,0,0,0,40,100,62.8,40.0,0.0
12469,1,0,0,0,16,100,15.599999999999998,16.0,0.0
12470,1,0,0,0,42,100,55.5,41.33333333333333,0.0
12471,0,0,0,0,0,0,0.0,0.0,0.0
12472,1,0,0,0,16,100,40.099999999999994,16.0,0.0
12473,1,0,0,0,0,100,35.5,0.0,0.0
12474,1,0,0,0,13,100,29.4,12.666666666666666,0.0
12475,1,0,0,0,16,100,19.0,16.0,0.0
12477,0,0,0,170,145,734,733.4666666666667,463.3333333333333,319.0
12480,1,0,0,0,4,100,19.1,3.333333333333333,0.0
12481,1,0,0,0,0,100,16.066666666666666,0.0,0.0
12482,1,0,0,0,0,100,3.0,0.0,0.0
12483,1,0,0,0,0,100,2.8,0.0,0.0
12484,0,1,0,0,52,233,165.39999999999998,84.66666666666666,33.0
12485,1,0,0,0,2,129,81.13333333333333,30.666666666666664,29.0
12486,1,0,0,0,30,100,85.13333333333333,30.0,0.0
12487,0,1,0,0,68,200,137.33333333333331,68.0,0.0
12489,0,0,0,0,0,0,0.0,0.0,0.0
12490,0,0,0,0,0,0,0.0,0.0,0.0
12491,0,1,0,0,86,200,98.79999999999998,85.33333333333333,0.0
12492,1,0,0,0,5,100,3.5,4.666666666666666,0.0
12493,1,0,0,0,0,100,0.7999999999999999,0.0,0.0
12494,1,0,0,0,22,100,25.93333333333333,21.333333333333332,0.0
12495,0,0,0,0,0,0,0.0,0.0,0.0
12496,1,0,0,0,23,100,43.53333333333333,22.666666666666664,0.0
12498,1,0,0,0,0,144,117.06666666666666,44.0,44.0
12501,0,0,0,6,6,149,88.66666666666666,32.0,26.0
12502,0,1,0,0,72,200,69.93333333333334,72.0,0.0
12503,1,0,0,0,11,100,28.599999999999998,10.666666666666666,0.0
12504,0,0,0,0,0,46,0.0,0.0,46.0
12507,1,0,0,0,0,100,9.466666666666665,0.0,0.0
12508,0,0,0,115,115,838,730.3333333333333,460.0,345.0
12512,1,0,0,0,8,100,4.0,8.0,0.0
12513,0,0,0,0,0,0,0.0,0.0,0.0
12514,0,1,0,0,77,200,90.46666666666665,76.66666666666666,0.0
12515,1,0,0,0,37,100,56.06666666666666,36.666666666666664,0.0
12516,1,0,0,0,24,100,35.733333333333334,24.0,0.0
12517,1,0,0,0,14,100,18.266666666666666,13.333333333333332,0.0
12518,0,1,0,105,205,421,280.3333333333333,240.66666666666666,36.0
12520,0,0,0,0,0,166,105.46666666666665,40.0,116.0
12521,0,0,0,20,0,38,37.133333333333326,7.333333333333333,18.0
12522,1,0,0,45,95,193,151.79999999999998,94.66666666666666,0.0
12523,0,1,0,0,54,200,100.73333333333332,54.0,0.0
12524,0,0,0,282,282,727,628.9333333333333,410.0,128.0
12525,1,0,0,0,20,100,90.69999999999999,19.333333333333332,0.0
12526,1,0,0,6,56,114,77.66666666666666,55.33333333333333,0.0
12527,0,0,0,0,0,24,0.0,0.0,0.0
12528,0,0,0,243,243,617,593.0,468.0,225.0
12529,0,1,0,0,68,200,72.33333333333333,68.0,0.0
12530,0,0,0,0,0,0,0.0,0.0,0.0
12531,0,0,0,32,12,190,190.0,135.33333333333331,124.0
12533,0,0,0,698,544,1528,1527.5333333333333,1180.6666666666665,637.0
12534,0,0,0,395,395,833,615.1999999999999,450.66666666666663,56.0
12538,0,0,0,61,61,522,460.8666666666666,334.66666666666663,274.0
12540,0,0,1,75,275,662,575.5333333333333,378.66666666666663,104.0
12542,0,0,0,90,72,257,256.2,180.66666666666666,109.0
12543,0,0,1,0,133,400,145.26666666666665,132.66666666666666,0.0
12544,0,0,0,0,0,0,0.0,0.0,0.0
12545,0,0,0,34,34,134,117.33333333333333,78.0,44.0
12546,1,0,0,3,53,132,113.39999999999999,81.33333333333333,29.0
12547,0,0,0,46,22,188,187.13333333333333,111.33333333333333,90.0
12548,1,0,0,0,6,100,60.099999999999994,6.0,0.0
12549,0,0,0,85,0,643,643.0,280.0,366.0
12550,0,0,1,1068,1146,2757,2756.4,1886.6666666666665,741.0
12553,0,0,0,313,67,1258,1257.3333333333333,763.3333333333333,697.0
12561,0,0,0,156,154,534,534.0,375.3333333333333,222.0
12563,0,0,0,37,37,269,240.46666666666664,118.0,81.0
12564,0,1,0,55,105,397,396.8666666666666,228.0,123.0
12565,0,1,0,0,92,218,110.6,109.33333333333333,18.0
12566,0,0,1,157,357,705,584.5999999999999,420.0,63.0
12567,0,1,0,0,68,200,71.39999999999999,67.33333333333333,0.0
12569,0,0,1,114,314,710,466.26666666666665,364.0,50.0
12570,0,1,1,40,340,712,374.4666666666667,339.3333333333333,0.0
12571,0,0,0,195,124,387,386.06666666666666,181.33333333333331,58.0
12572,0,0,0,75,0,292,291.3333333333333,94.66666666666666,102.0
12574,1,0,0,0,11,100,5.333333333333333,10.666666666666666,0.0
12575,1,0,0,4,54,128,72.2,54.0,0.0
12577,1,0,0,0,36,116,63.8,36.0,0.0
12578,0,0,0,25,20,57,56.6,20.0,0.0
12580,0,0,1,0,133,424,177.26666666666665,132.66666666666666,0.0
12581,1,0,0,15,65,163,92.79999999999998,104.66666666666666,40.0
12582,1,0,0,58,108,222,191.26666666666665,107.33333333333333,0.0
12583,1,0,0,0,26,116,101.69999999999999,26.0,0.0
12585,0,0,0,15,15,31,17.733333333333334,14.666666666666666,0.0
12586,0,0,2,93,493,1090,738.6,586.0,93.0
12589,0,0,2,270,670,1358,890.7333333333332,689.3333333333333,20.0
12590,0,0,0,419,363,1286,1285.0666666666666,857.3333333333333,495.0
12592,1,0,0,0,50,100,82.26666666666667,49.33333333333333,0.0
12594,0,0,0,0,0,251,85.59999999999998,38.666666666666664,214.0
12601,0,0,2,919,832,3025,3024.1,1596.0,764.0
12603,0,0,0,847,847,2128,1838.1333333333332,1451.3333333333333,605.0
12604,0,0,0,0,0,56,0.0,0.0,56.0
12701,0,0,0,177,177,867,852.4,463.3333333333333,287.0
12719,0,0,0,17,17,32,22.666666666666664,31.333333333333332,15.0
12720,0,0,0,5,0,13,12.466666666666665,0.0,0.0
12721,0,1,2,0,495,1016,538.9333333333333,494.66666666666663,0.0
12722,0,0,0,0,0,0,0.0,0.0,0.0
12723,1,0,0,0,10,108,38.666666666666664,10.0,0.0
12724,0,0,0,0,0,0,0.0,0.0,0.0
12725,0,0,0,17,17,41,21.333333333333332,16.666666666666664,0.0
12726,0,1,0,0,86,208,79.8,86.0,0.0
12729,0,1,0,16,116,256,140.7,116.0,0.0
12732,1,0,0,0,13,108,22.599999999999998,12.666666666666666,0.0
12733,1,0,0,0,21,100,88.19999999999999,20.666666666666664,0.0
12734,0,1,0,0,70,200,121.4,70.0,0.0
12736,0,0,0,0,0,0,0.0,0.0,0.0
12737,0,0,0,61,61,117,81.53333333333333,60.666666666666664,0.0
12738,1,0,0,0,0,108,25.9,0.0,0.0
12740,0,0,0,44,44,112,72.46666666666667,44.0,0.0
12741,1,0,0,0,0,100,4.9,0.0,0.0
12742,0,0,0,0,0,98,0.0,0.0,98.0
12743,1,0,0,0,0,100,7.333333333333333,0.0,0.0
12745,0,0,0,0,0,24,0.0,0.0,0.0
12746,1,0,0,0,30,100,30.7,29.333333333333332,0.0
12747,0,1,0,0,38,208,170.1,38.0,0.0
12748,1,0,0,0,7,108,53.06666666666666,6.666666666666666,0.0
12749,1,0,0,0,0,100,20.866666666666664,0.0,0.0
12750,1,0,0,0,3,100,1.3333333333333333,2.6666666666666665,0.0
12751,0,0,1,0,165,400,202.3,164.66666666666666,0.0
12752,1,0,0,0,4,100,3.9333333333333336,4.0,0.0
12754,0,0,0,369,369,918,916.4,458.0,89.0
12758,0,0,0,48,19,197,196.9333333333333,168.0,149.0
12759,0,0,1,0,54,400,249.39999999999998,53.33333333333333,0.0
12760,1,0,0,0,2,100,7.066666666666666,2.0,0.0
12762,0,0,0,0,0,24,6.8999999999999995,0.0,24.0
12763,1,0,0,0,4,100,7.4,4.0,0.0
12764,1,0,0,0,28,108,61.73333333333333,28.0,0.0
12765,1,0,0,0,13,100,32.266666666666666,12.666666666666666,0.0
12766,1,0,0,0,0,100,27.266666666666666,0.0,0.0
12767,1,0,0,0,25,100,12.333333333333332,24.666666666666664,0.0
12768,1,0,0,0,18,100,14.2,18.0,0.0
12769,1,0,0,0,18,100,8.666666666666666,17.333333333333332,0.0
12770,1,0,0,0,0,100,8.333333333333332,0.0,0.0
12771,1,0,0,296,346,720,648.1333333333333,480.0,134.0
12775,1,0,0,14,64,155,94.93333333333334,95.33333333333333,32.0
12776,1,0,0,0,32,100,67.79999999999998,32.0,0.0
12777,1,0,0,0,32,100,25.066666666666666,31.333333333333332,0.0
12778,1,0,0,0,0,100,36.5,0.0,0.0
12779,0,0,1,0,146,400,238.7,146.0,0.0
12780,1,0,0,0,21,100,74.73333333333332,20.666666666666664,0.0
12781,0,0,0,0,0,0,0.0,0.0,0.0
12783,0,1,0,0,53,200,58.93333333333334,52.666666666666664,0.0
12784,0,0,0,0,0,0,0.0,0.0,0.0
12785,1,0,0,0,0,100,88.26666666666667,0.0,0.0
12786,1,0,0,0,0,100,2.1999999999999997,0.0,0.0
12787,0,0,0,0,0,0,0.0,0.0,0.0
12788,0,0,0,0,0,208,96.06666666666666,44.0,200.0
12789,0,1,0,0,95,216,184.5,94.66666666666666,0.0
12790,1,0,0,84,134,298,184.2,155.33333333333331,22.0
12791,0,0,0,10,9,42,41.733333333333334,8.666666666666666,0.0
12792,1,0,0,0,0,100,1.7999999999999998,0.0,0.0
12801,0,0,2,4,278,1101,1100.2,528.6666666666666,251.0
12803,1,0,0,301,351,723,448.8666666666666,350.66666666666663,0.0
12804,0,0,0,362,354,1128,1127.8666666666666,820.0,466.0
12808,1,0,0,0,3,100,2.0,2.6666666666666665,0.0
12809,0,0,1,0,141,432,177.33333333333331,140.66666666666666,0.0
12810,1,0,0,0,24,100,37.1,24.0,0.0
12811,1,0,0,0,12,100,17.666666666666664,11.333333333333332,0.0
12812,0,0,0,0,0,16,0.0,0.0,0.0
12814,0,0,0,12,12,32,25.4,11.333333333333332,0.0
12815,1,0,0,0,10,100,39.199999999999996,10.0,0.0
12816,1,0,0,0,39,184,176.86666666666667,78.66666666666666,40.0
12817,0,0,0,13,0,60,59.8,27.333333333333332,47.0
12819,1,0,0,0,5,100,13.9,4.666666666666666,0.0
12820,1,0,0,0,0,100,14.666666666666666,0.0,0.0
12821,0,0,0,9,4,17,16.7,4.0,0.0
12822,1,0,1,32,282,592,457.4,282.0,0.0
12823,1,0,0,0,0,100,26.599999999999998,0.0,0.0
12824,1,0,0,0,42,100,33.599999999999994,41.33333333333333,0.0
12827,1,0,1,0,220,500,183.4,219.33333333333331,0.0
12828,0,0,0,243,25,531,530.6,226.66666666666666,202.0
12831,1,0,3,166,816,1658,1036.1999999999998,816.0,0.0
12832,0,0,1,0,170,472,432.1,170.0,0.0
12833,0,0,1,8,208,424,253.79999999999998,207.33333333333331,0.0
12834,0,0,1,0,188,484,276.8666666666667,187.33333333333331,0.0
12835,1,0,0,0,43,100,60.06666666666666,42.666666666666664,0.0
12836,1,0,0,0,2,100,6.1,1.3333333333333333,0.0
12837,1,0,0,0,9,100,62.9,8.666666666666666,0.0
12838,1,0,0,0,25,100,51.7,24.666666666666664,0.0
12839,0,0,1,154,206,881,880.1,307.3333333333333,102.0
12841,0,0,0,0,0,0,0.0,0.0,0.0
12842,0,0,0,18,18,34,33.7,17.333333333333332,0.0
12843,1,0,0,0,16,100,65.9,15.333333333333332,0.0
12844,1,0,0,0,0,100,7.466666666666666,0.0,0.0
12845,0,0,1,0,140,433,167.79999999999998,140.0,0.0
12846,0,0,0,46,28,106,105.46666666666665,47.33333333333333,20.0
12847,1,0,0,0,18,100,20.0,18.0,0.0
12849,0,0,0,0,0,37,20.3,20.666666666666664,21.0
12850,0,1,0,0,69,200,98.33333333333333,68.66666666666666,0.0
12851,1,0,0,0,14,100,20.9,14.0,0.0
12852,1,0,0,0,3,100,11.1,2.6666666666666665,0.0
12853,0,1,0,0,33,200,122.8,32.666666666666664,0.0
12854,1,0,0,0,21,100,16.333333333333332,20.666666666666664,0.0
12855,1,0,0,0,6,100,10.7,5.333333333333333,0.0
12856,1,0,0,0,0,100,5.0,0.0,0.0
12857,1,0,0,0,11,100,21.9,10.666666666666666,0.0
12858,1,0,0,0,0,100,1.0,0.0,0.0
12859,0,1,0,0,82,200,124.6,81.33333333333333,0.0
12860,1,0,0,0,24,100,28.2,23.333333333333332,0.0
12861,1,0,0,0,18,100,30.53333333333333,17.333333333333332,0.0
12862,1,0,0,0,0,100,11.599999999999998,0.0,0.0
12863,1,0,0,0,8,100,70.93333333333334,8.0,0.0
12864,0,0,0,0,0,0,0.0,0.0,0.0
12865,0,0,1,0,135,424,235.0,134.66666666666666,0.0
12866,0,0,0,521,505,1296,1295.0666666666666,831.3333333333333,327.0
12870,0,0,0,35,30,65,64.06666666666666,30.0,0.0
12871,0,0,1,0,123,424,190.2,122.66666666666666,0.0
12872,0,0,0,0,0,0,0.0,0.0,0.0
12873,1,0,0,0,48,100,35.599999999999994,47.33333333333333,0.0
12874,1,0,0,0,0,100,1.5999999999999999,0.0,0.0
12878,1,0,0,0,17,100,53.599999999999994,16.666666666666664,0.0
12883,1,0,0,91,141,302,249.8,219.33333333333331,79.0
12884,1,0,0,0,32,100,39.33333333333333,32.0,0.0
12885,1,0,0,101,19,323,323.0,94.66666666666666,76.0
12886,1,0,0,0,0,100,4.666666666666666,0.0,0.0
12887,0,0,1,8,208,479,408.0,246.66666666666666,39.0
12901,0,0,2,365,650,1715,1714.2,858.6666666666666,209.0
12903,0,0,0,0,0,85,80.79999999999998,46.0,85.0
12910,0,1,0,0,48,200,119.8,47.33333333333333,0.0
12911,0,0,0,0,0,0,0.0,0.0,0.0
12912,1,0,0,0,4,144,112.69999999999999,24.0,20.0
12913,0,0,0,0,0,60,52.46666666666667,24.666666666666664,32.0
12914,1,0,0,0,28,116,60.2,27.333333333333332,0.0
12915,0,0,0,0,0,0,0.0,0.0,0.0
12916,1,0,0,44,56,208,207.4,76.0,20.0
12917,1,0,0,0,40,100,99.4,39.33333333333333,0.0
12918,1,0,0,9,59,141,136.59999999999997,58.666666666666664,0.0
12919,0,1,0,16,116,248,160.1,116.0,0.0
12920,0,1,0,0,95,244,126.13333333333333,94.66666666666666,0.0
12921,0,1,0,84,184,381,199.53333333333333,198.66666666666666,15.0
12922,1,0,0,0,2,100,1.3333333333333333,1.3333333333333333,0.0
12923,1,0,0,0,24,116,40.2,23.333333333333332,0.0
12924,1,0,0,0,0,100,13.0,0.0,0.0
12926,0,0,1,0,134,432,199.6,133.33333333333331,0.0
12927,1,0,0,0,0,100,1.3333333333333333,0.0,0.0
12928,0,1,0,0,64,200,127.9,63.33333333333333,0.0
12929,1,0,0,0,43,108,63.0,42.666666666666664,0.0
12930,0,1,0,0,78,200,86.3,78.0,0.0
12932,0,0,0,0,0,64,33.599999999999994,16.666666666666664,64.0
12933,0,0,0,0,0,0,0.0,0.0,0.0
12934,1,0,0,5,55,113,103.5,54.666666666666664,0.0
12935,1,0,0,0,16,134,98.19999999999999,34.0,18.0
12936,0,0,0,8,8,24,21.4,8.0,0.0
12937,0,1,0,0,51,216,140.2,50.666666666666664,0.0
12939,0,0,0,4,4,28,6.666666666666666,4.0,0.0
12941,1,0,0,0,32,116,55.266666666666666,32.0,0.0
12942,0,0,0,0,0,30,14.1,8.666666666666666,30.0
12943,0,0,0,1,1,9,3.1999999999999997,0.6666666666666666,0.0
12944,0,0,1,0,71,418,260.9,88.66666666666666,18.0
12945,1,0,0,0,14,100,47.0,13.333333333333332,0.0
12946,0,0,0,70,70,271,216.46666666666664,93.33333333333333,24.0
12950,0,0,0,18,18,50,39.8,18.0,0.0
12952,1,0,0,0,20,100,42.2,19.333333333333332,0.0
12953,0,0,1,121,321,864,784.2,483.3333333333333,163.0
12955,1,0,0,0,3,100,10.4,2.6666666666666665,0.0
12956,1,0,0,0,19,120,60.599999999999994,38.666666666666664,20.0
12957,0,1,0,0,38,200,152.4,38.0,0.0
12958,1,0,0,8,28,124,123.6,28.0,0.0
12959,1,0,0,0,48,108,93.4,47.33333333333333,0.0
12960,1,0,0,14,64,130,52.5,64.0,0.0
12961,0,0,0,0,0,0,0.0,0.0,0.0
12962,0,1,0,74,174,380,260.06666666666666,174.0,0.0
12964,0,0,0,0,0,0,0.0,0.0,0.0
12965,1,0,0,0,7,100,20.5,6.666666666666666,0.0
12966,0,0,1,0,197,400,355.3,196.66666666666666,0.0
12967,1,0,0,0,34,100,92.9,33.33333333333333,0.0
12969,1,0,0,0,0,100,7.6,0.0,0.0
12970,1,0,0,0,4,100,7.933333333333334,3.333333333333333,0.0
12972,0,0,1,84,284,572,382.4,284.0,0.0
12973,1,0,0,0,4,100,10.466666666666665,3.333333333333333,0.0
12974,1,0,0,39,89,193,96.0,88.66666666666666,0.0
12975,1,0,0,0,8,100,6.266666666666667,7.333333333333333,0.0
12976,1,0,0,0,4,100,4.0,4.0,0.0
12977,0,0,0,0,0,40,0.0,0.0,40.0
12978,1,0,0,0,6,100,10.0,5.333333333333333,0.0
12979,0,1,0,0,93,200,139.93333333333334,92.66666666666666,0.0
12980,1,0,0,0,6,100,30.1,5.333333333333333,0.0
12981,0,0,0,56,56,190,131.66666666666666,55.33333333333333,0.0
12983,0,0,0,144,144,345,316.59999999999997,234.0,90.0
12985,0,0,0,4,4,44,39.9,3.333333333333333,0.0
12986,0,0,0,77,40,205,204.79999999999998,96.0,56.0
12987,1,0,0,0,5,100,3.5,4.666666666666666,0.0
12989,1,0,0,0,19,100,33.33333333333333,18.666666666666664,0.0
12992,0,0,1,0,148,416,230.1,148.0,0.0
12993,0,0,0,0,0,92,52.86666666666666,28.0,40.0
12996,1,0,0,0,4,135,96.2,38.666666666666664,35.0
12997,1,0,0,0,16,100,26.0,16.0,0.0
12998,1,0,0,0,0,100,47.5,0.0,0.0
13020,0,0,0,6,6,14,6.0,6.0,0.0
13021,0,0,0,684,684,2257,1717.3333333333333,1437.3333333333333,754.0
13024,0,0,0,0,0,0,0.0,0.0,0.0
13026,1,0,0,0,18,100,48.73333333333333,18.0,0.0
13027,0,0,1,788,988,2047,1920.8666666666668,1275.3333333333333,288.0
13028,1,0,0,0,26,100,60.6,25.333333333333332,0.0
13029,0,0,2,2,402,878,514.1999999999999,401.3333333333333,0.0
13030,0,0,1,0,127,416,253.73333333333335,126.66666666666666,0.0
13031,0,0,1,255,455,941,761.3333333333333,586.6666666666666,132.0
13032,0,1,0,169,269,591,572.1333333333333,369.3333333333333,101.0
13033,0,0,0,111,111,306,204.13333333333333,136.0,25.0
13034,0,1,0,0,100,200,104.86666666666667,99.33333333333333,0.0
13035,0,0,0,53,23,289,288.5333333333333,168.66666666666666,146.0
13036,0,1,0,224,324,662,442.19999999999993,324.0,0.0
13037,0,0,1,97,297,660,490.8,329.3333333333333,33.0
13039,0,0,0,300,300,927,863.5333333333333,654.6666666666666,355.0
13040,0,1,0,0,83,200,176.0,82.66666666666666,0.0
13041,0,0,1,0,177,702,658.5333333333333,344.66666666666663,168.0
13042,1,0,0,0,42,100,73.13333333333333,41.33333333333333,0.0
13044,0,1,0,52,152,331,162.66666666666666,152.0,0.0
13045,0,0,0,310,310,1254,1097.3999999999999,841.3333333333333,532.0
13051,0,0,0,0,0,0,0.0,0.0,0.0
13052,0,1,0,0,72,200,91.2,72.0,0.0
13053,0,0,0,44,44,230,203.53333333333333,214.0,170.0
13054,0,0,0,21,21,95,71.46666666666665,20.666666666666664,0.0
13057,0,0,0,91,91,746,541.8666666666666,369.3333333333333,279.0
13060,0,1,0,39,139,300,140.93333333333334,138.66666666666666,0.0
13061,1,0,0,0,11,100,30.5,10.666666666666666,0.0
13062,1,0,0,0,18,100,8.666666666666666,17.333333333333332,0.0
13063,0,0,0,20,20,76,40.599999999999994,20.0,0.0
13065,1,0,0,0,0,100,16.93333333333333,0.0,0.0
13066,1,0,0,362,412,840,632.9333333333333,566.6666666666666,155.0
13068,0,0,0,104,104,233,195.46666666666664,104.0,0.0
13069,0,0,2,501,845,1864,1863.4,1006.6666666666666,162.0
13071,1,0,0,0,48,116,52.39999999999999,47.33333333333333,0.0
13072,1,0,0,0,20,100,43.4,19.333333333333332,0.0
13073,0,0,1,117,317,624,403.9333333333333,376.66666666666663,60.0
13074,0,0,1,0,137,440,322.2,136.66666666666666,0.0
13076,0,1,0,0,58,216,134.2,57.33333333333333,0.0
13077,1,0,0,96,146,312,266.46666666666664,145.33333333333331,0.0
13078,0,0,2,0,394,824,604.8,393.3333333333333,0.0
13080,0,0,1,0,134,424,146.86666666666667,134.0,0.0
13081,1,0,0,0,34,100,51.73333333333333,33.33333333333333,0.0
13082,0,0,1,0,136,400,240.2,135.33333333333331,0.0
13083,0,1,0,0,60,200,124.6,59.33333333333333,0.0
13084,0,1,0,0,94,256,235.8,94.0,0.0
13087,1,0,0,0,0,100,2.333333333333333,0.0,0.0
13088,0,0,0,335,335,1027,829.0666666666666,592.0,257.0
13090,0,0,0,750,750,1849,1478.5333333333333,1045.3333333333333,296.0
13092,0,1,0,7,107,215,196.06666666666666,106.66666666666666,0.0
13101,0,1,0,0,77,264,260.9,76.66666666666666,0.0
13102,0,0,0,0,0,0,0.0,0.0,0.0
13103,1,0,0,0,4,100,10.1,4.0,0.0
13104,0,0,0,324,201,842,841.8666666666666,549.3333333333333,349.0
13108,0,0,0,75,54,224,223.86666666666667,106.66666666666666,53.0
13110,0,1,0,0,77,200,91.93333333333334,76.66666666666666,0.0
13111,0,1,0,0,65,200,200.0,64.66666666666666,0.0
13112,0,1,0,0,60,208,113.39999999999999,60.0,0.0
13113,0,0,0,0,0,0,0.0,0.0,0.0
13114,0,0,1,5,205,502,357.06666666666666,204.66666666666666,0.0
13115,1,0,0,0,0,100,15.266666666666666,0.0,0.0
13116,0,0,0,59,47,171,170.66666666666666,74.66666666666666,28.0
13117,1,0,0,0,2,100,15.4,2.0,0.0
13118,0,1,0,0,85,261,224.59999999999997,121.33333333333333,37.0
13119,0,0,0,0,0,0,0.0,0.0,0.0
13120,1,0,0,26,76,170,138.3,84.0,8.0
13121,0,0,0,0,0,0,0.0,0.0,0.0
13122,1,0,0,0,20,100,27.8,20.0,0.0
13123,0,0,0,0,0,0,0.0,0.0,0.0
13124,1,0,0,0,2,100,3.6,1.3333333333333333,0.0
13126,0,0,1,594,794,1623,1561.5333333333333,1050.6666666666665,257.0
13131,0,0,1,0,112,408,139.73333333333332,112.0,0.0
13132,0,1,0,0,84,208,130.6,84.0,0.0
13134,1,0,0,0,0,100,0.19999999999999998,0.0,0.0
13135,0,0,1,109,309,667,366.1333333333333,348.66666666666663,40.0
13136,1,0,0,0,16,100,40.1,16.0,0.0
13138,1,0,0,0,0,100,4.6,0.0,0.0
13140,0,0,1,0,90,400,279.6,90.0,0.0
13141,1,0,0,0,46,100,38.599999999999994,46.0,0.0
13142,0,0,1,0,158,440,230.79999999999998,157.33333333333331,0.0
13143,0,0,1,0,140,400,270.9,139.33333333333331,0.0
13144,0,1,0,0,66,200,127.4,65.33333333333333,0.0
13145,1,0,0,30,80,196,147.0,80.0,0.0
13146,0,1,0,0,90,208,184.1,90.0,0.0
13147,1,0,0,0,39,100,39.0,38.666666666666664,0.0
13148,0,0,1,73,224,708,707.3,340.66666666666663,117.0
13152,0,0,0,178,178,388,349.73333333333335,261.3333333333333,84.0
13153,1,0,0,0,30,108,42.33333333333333,30.0,0.0
13154,0,0,0,0,0,0,0.0,0.0,0.0
13155,1,0,0,0,15,110,36.2,14.666666666666666,0.0
13156,0,1,0,0,61,200,74.0,60.666666666666664,0.0
13157,1,0,0,0,16,100,20.666666666666664,16.0,0.0
13158,1,0,0,0,34,100,58.0,34.0,0.0
13159,0,0,0,149,149,295,233.26666666666665,166.66666666666666,18.0
13160,1,0,0,20,70,146,126.13333333333333,70.0,0.0
13162,1,0,0,0,26,100,27.333333333333332,26.0,0.0
13163,1,0,0,0,5,100,7.933333333333332,4.666666666666666,0.0
13164,0,0,1,0,138,416,204.0,137.33333333333331,0.0
13165,0,0,1,112,312,730,666.6,396.0,84.0
13166,0,0,1,0,160,423,240.73333333333335,160.0,0.0
13167,1,0,0,15,65,135,131.46666666666664,84.66666666666666,20.0
13202,0,0,1,97,289,615,614.7,382.66666666666663,94.0
13203,0,0,1,140,237,1067,1066.3,496.66666666666663,260.0
13204,0,0,2,504,579,1988,1987.3,852.0,273.0
13205,1,0,1,495,698,1587,1586.9,850.6666666666666,153.0
13206,1,0,2,196,646,1348,1314.2,704.0,58.0
13207,0,0,1,399,599,1216,1109.7,751.3333333333333,153.0
13208,0,0,4,246,919,2471,2470.5,1214.0,295.0
13209,0,0,2,137,537,1170,941.9,611.3333333333333,75.0
13210,1,0,2,154,604,1227,858.2,617.3333333333333,14.0
13211,0,0,1,0,168,476,459.1,204.0,36.0
13212,0,0,2,17,400,1205,1204.7,527.3333333333333,128.0
13214,0,0,0,95,95,457,440.26666666666665,304.0,209.0
13215,0,0,0,276,222,672,672.0,508.0,286.0
13219,0,0,1,238,438,880,750.3999999999999,616.0,178.0
13224,0,0,0,43,21,502,502.0,343.3333333333333,323.0
13244,0,0,0,0,0,111,0.0,0.0,111.0
13290,0,0,0,0,0,0,0.0,0.0,0.0
13301,1,0,0,0,6,100,9.6,5.333333333333333,0.0
13302,0,1,0,0,79,200,118.1,78.66666666666666,0.0
13303,1,0,0,0,22,108,41.666666666666664,22.0,0.0
13304,0,1,0,0,100,224,108.53333333333333,115.33333333333333,16.0
13305,0,0,0,0,0,0,0.0,0.0,0.0
13308,0,0,1,0,94,400,322.2,93.33333333333333,0.0
13309,0,0,1,0,174,432,237.59999999999997,173.33333333333331,0.0
13310,1,0,0,0,27,100,20.0,26.666666666666664,0.0
13312,1,0,0,0,8,100,7.066666666666666,7.333333333333333,0.0
13313,1,0,0,0,16,100,26.066666666666666,15.333333333333332,0.0
13314,1,0,0,0,0,100,21.9,0.0,0.0
13315,0,0,0,38,22,76,75.39999999999999,52.0,30.0
13316,0,0,1,0,198,424,421.1,197.33333333333331,0.0
13317,0,0,1,28,212,452,451.6,211.33333333333331,0.0
13318,1,0,0,0,45,108,75.8,44.666666666666664,0.0
13319,0,0,0,0,0,8,7.5,0.0,0.0
13320,0,1,0,0,88,200,89.66666666666666,87.33333333333333,0.0
13321,1,0,0,0,0,116,40.599999999999994,0.0,0.0
13322,1,0,0,0,39,100,53.93333333333334,38.666666666666664,0.0
13323,0,0,0,76,76,364,338.5333333333333,237.33333333333331,162.0
13324,1,0,0,0,38,100,74.5,37.33333333333333,0.0
13325,0,1,0,0,51,200,79.7,50.666666666666664,0.0
13326,0,0,0,0,0,195,114.93333333333334,73.33333333333333,135.0
13327,0,0,1,0,86,408,218.4,85.33333333333333,0.0
13328,1,0,0,0,42,100,72.93333333333334,41.33333333333333,0.0
13329,0,0,1,0,104,426,260.8,104.0,0.0
13331,0,0,0,0,0,0,0.0,0.0,0.0
13332,1,0,1,2,252,510,394.3,251.33333333333331,0.0
13333,1,0,0,0,0,100,0.6666666666666666,0.0,0.0
13334,1,0,0,0,40,100,61.1,40.0,0.0
13335,0,1,0,0,85,200,117.5,84.66666666666666,0.0
13337,1,0,0,0,2,100,20.3,2.0,0.0
13338,1,0,0,0,14,108,89.6,13.333333333333332,0.0
13339,0,1,1,32,332,712,578.8,331.3333333333333,0.0
13340,0,0,1,51,251,523,395.1333333333333,258.66666666666663,8.0
13342,1,0,0,0,33,100,29.199999999999996,32.666666666666664,0.0
13343,1,0,0,0,29,116,72.06666666666666,44.666666666666664,16.0
13345,1,0,0,0,16,100,10.399999999999999,16.0,0.0
13346,0,0,0,43,34,189,189.0,123.33333333333333,90.0
13348,1,0,0,0,49,108,70.0,48.666666666666664,0.0
13350,0,1,0,90,111,425,424.2,190.0,79.0
13352,1,0,0,0,0,100,5.599999999999999,0.0,0.0
13353,1,0,0,0,2,100,2.333333333333333,1.3333333333333333,0.0
13354,0,0,1,0,184,400,215.13333333333333,184.0,0.0
13355,0,1,0,0,78,208,77.5,77.33333333333333,0.0
13357,0,0,2,0,283,900,851.1,282.66666666666663,0.0
13360,1,0,0,0,0,100,4.8,0.0,0.0
13361,1,0,0,0,30,100,32.3,29.333333333333332,0.0
13363,0,0,1,0,120,400,143.46666666666664,120.0,0.0
13364,1,0,0,0,0,100,1.0,0.0,0.0
13365,0,0,2,0,361,875,812.3,384.66666666666663,24.0
13367,0,0,0,185,185,446,384.73333333333335,301.3333333333333,117.0
13368,1,0,0,0,32,138,95.4,62.0,30.0
13402,1,0,0,0,27,110,58.9,26.666666666666664,0.0
13403,0,0,1,92,292,628,299.3333333333333,372.0,80.0
13404,1,0,0,0,5,100,6.333333333333333,4.666666666666666,0.0
13406,1,0,0,0,18,100,46.2,17.333333333333332,0.0
13407,0,1,0,61,145,328,327.6,144.66666666666666,0.0
13408,0,0,0,55,0,144,143.7,64.0,66.0
13409,0,0,0,34,34,130,89.6,33.33333333333333,0.0
13410,1,0,0,0,11,100,7.333333333333333,10.666666666666666,0.0
13411,1,0,0,38,88,219,172.7,104.66666666666666,17.0
13413,0,0,0,295,133,669,668.3999999999999,338.66666666666663,206.0
13415,0,0,0,0,0,0,0.0,0.0,0.0
13416,0,1,0,0,92,216,119.86666666666667,92.0,0.0
13417,1,0,0,4,54,124,105.3,53.33333333333333,0.0
13418,1,0,0,0,2,100,1.0,2.0,0.0
13420,0,0,0,0,0,41,11.0,14.666666666666666,30.0
13421,0,0,1,239,315,953,952.4,464.0,149.0
13424,0,0,0,0,0,274,96.06666666666666,88.0,96.0
13425,0,1,0,0,64,200,113.19999999999999,64.0,0.0
13428,1,0,0,0,40,100,81.7,40.0,0.0
13431,1,0,0,14,64,138,95.2,63.33333333333333,0.0
13433,0,1,0,0,96,200,196.4,95.33333333333333,0.0
13435,1,0,0,0,18,108,30.4,18.0,0.0
13436,1,0,0,0,2,100,2.0666666666666664,2.0,0.0
13437,1,0,0,0,14,100,14.2,14.0,0.0
13438,0,1,0,0,93,200,128.26666666666665,92.66666666666666,0.0
13439,0,0,1,0,148,415,280.5,162.66666666666666,15.0
13440,0,0,5,430,1430,3080,3006.5,1474.0,44.0
13441,0,0,0,0,0,84,0.0,0.0,84.0
13450,1,0,0,0,24,100,19.8,24.0,0.0
13452,0,0,1,0,169,436,373.3,188.66666666666666,20.0
13454,1,0,0,0,24,100,36.9,24.0,0.0
13455,1,0,0,0,2,100,4.066666666666666,1.3333333333333333,0.0
13456,0,0,1,0,170,416,260.73333333333335,170.0,0.0
13457,1,0,0,0,0,100,0.39999999999999997,0.0,0.0
13459,1,0,0,34,52,170,169.1,72.0,20.0
13460,0,0,1,0,128,456,345.5,127.33333333333333,0.0
13461,0,1,0,44,144,312,150.66666666666666,144.0,0.0
13464,1,0,0,0,28,100,96.3,27.333333333333332,0.0
13468,1,0,0,0,9,100,17.8,8.666666666666666,0.0
13469,1,0,0,0,12,100,41.73333333333333,12.0,0.0
13470,1,0,0,0,26,100,46.5,25.333333333333332,0.0
13471,0,0,1,0,140,400,265.2,139.33333333333331,0.0
13472,0,1,0,0,64,200,35.199999999999996,64.0,0.0
13473,0,0,0,52,52,112,79.46666666666665,52.0,0.0
13475,1,0,0,0,2,100,1.0,2.0,0.0
13476,0,0,1,0,126,400,143.66666666666666,126.0,0.0
13477,1,0,0,0,46,100,80.6,45.33333333333333,0.0
13478,1,0,0,58,108,246,90.86666666666667,108.0,0.0
13480,0,1,0,0,93,236,166.46666666666664,92.66666666666666,0.0
13482,1,0,0,0,0,100,2.6666666666666665,0.0,0.0
13483,1,0,0,0,28,100,39.5,27.333333333333332,0.0
13484,0,0,0,0,0,0,0.0,0.0,0.0
13485,0,1,0,0,69,200,162.0,68.66666666666666,0.0
13486,1,0,0,0,48,100,41.06666666666666,48.0,0.0
13488,0,0,0,0,0,0,0.0,0.0,0.0
13489,1,0,0,0,7,100,17.799999999999997,6.666666666666666,0.0
13490,0,0,0,0,0,94,72.86666666666666,87.33333333333333,94.0
13491,0,0,1,0,152,430,184.33333333333331,152.0,0.0
13492,1,0,0,178,228,524,515.8,334.0,106.0
13493,0,0,1,0,150,400,230.4,150.0,0.0
13494,1,0,0,0,11,100,9.5,10.666666666666666,0.0
13495,0,1,0,0,96,232,171.2,95.33333333333333,0.0
13501,0,0,3,1231,1079,3840,3839.2,1778.6666666666665,700.0
13502,0,0,5,291,1291,2777,2720.1,1500.0,209.0
13601,0,0,0,1260,1134,3207,3206.8,1743.3333333333333,610.0
13602,0,0,0,0,0,0,0.0,0.0,0.0
13603,1,0,9,0,1823,3700,2522.1,1822.6666666666665,0.0
13605,0,1,0,34,133,353,352.73333333333335,132.66666666666666,0.0
13606,0,0,0,63,63,140,129.6,80.0,17.0
13607,1,0,0,0,28,100,43.06666666666666,27.333333333333332,0.0
13608,1,0,0,28,78,178,138.8,78.0,0.0
13611,1,0,0,0,20,108,31.733333333333334,19.333333333333332,0.0
13612,1,0,0,13,63,149,112.33333333333333,62.666666666666664,0.0
13613,1,0,0,0,41,174,171.3,98.0,57.0
13614,1,0,0,0,16,100,28.0,15.333333333333332,0.0
13615,0,0,0,8,8,84,12.0,8.0,0.0
13616,0,0,0,36,36,120,63.5,35.33333333333333,0.0
13617,0,0,0,205,205,464,397.19999999999993,302.0,97.0
13618,0,1,0,0,66,200,92.53333333333333,66.0,0.0
13619,0,0,0,344,319,807,806.9,407.3333333333333,89.0
13620,0,0,0,114,109,240,239.89999999999998,139.33333333333331,31.0
13621,0,1,0,0,62,200,80.5,61.33333333333333,0.0
13622,0,1,0,0,64,208,122.06666666666666,64.0,0.0
13623,1,0,0,0,3,100,1.3333333333333333,2.6666666666666665,0.0
13624,0,1,0,28,128,290,147.66666666666666,148.0,20.0
13625,0,0,0,39,39,237,82.6,38.666666666666664,0.0
13626,0,0,0,85,85,218,101.73333333333332,84.66666666666666,0.0
13628,1,0,0,0,32,100,30.866666666666664,31.333333333333332,0.0
13630,0,0,0,18,18,258,79.19999999999999,18.0,0.0
13632,0,0,0,0,0,0,0.0,0.0,0.0
13633,1,0,0,0,15,100,40.8,14.666666666666666,0.0
13634,0,1,0,0,88,241,206.79999999999998,104.66666666666666,17.0
13635,0,1,0,0,54,200,117.1,54.0,0.0
13636,1,0,0,0,12,100,25.0,11.333333333333332,0.0
13637,0,0,1,79,279,666,447.2,312.66666666666663,34.0
13638,1,0,0,0,0,100,37.199999999999996,0.0,0.0
13639,0,0,0,0,0,0,0.0,0.0,0.0
13640,1,0,0,0,7,100,13.0,6.666666666666666,0.0
13641,0,0,0,0,0,0,0.0,0.0,0.0
13642,0,1,1,62,362,760,586.8,403.3333333333333,42.0
13643,1,0,0,0,18,100,12.0,18.0,0.0
13645,0,0,0,0,0,0,0.0,0.0,0.0
13646,0,1,0,0,67,216,163.9,66.66666666666666,0.0
13647,1,0,0,0,0,100,3.8,0.0,0.0
13648,0,0,0,38,0,82,81.66666666666666,33.33333333333333,36.0
13649,0,0,0,0,0,0,0.0,0.0,0.0
13650,1,0,0,0,44,100,67.8,43.33333333333333,0.0
13651,1,0,0,0,0,100,0.7999999999999999,0.0,0.0
13652,0,0,0,124,124,457,232.4,123.33333333333333,0.0
13654,0,1,0,0,94,248,216.0,93.33333333333333,0.0
13655,1,0,0,91,24,304,303.9,136.66666666666666,113.0
13656,1,0,0,145,162,394,393.4,161.33333333333331,0.0
13658,1,0,0,4,54,128,108.06666666666666,54.0,0.0
13659,1,0,0,0,13,100,21.7,12.666666666666666,0.0
13660,0,1,0,0,98,216,184.7,98.0,0.0
13661,0,1,0,0,63,200,89.53333333333333,62.666666666666664,0.0
13662,0,0,2,83,269,1110,1109.5,418.0,149.0
13664,1,0,0,0,8,100,13.466666666666665,8.0,0.0
13665,1,0,0,0,18,100,62.5,17.333333333333332,0.0
13666,1,0,0,0,0,100,10.933333333333332,0.0,0.0
13667,0,0,1,0,86,400,253.4,85.33333333333333,0.0
13668,1,0,0,37,87,207,169.9333333333333,132.66666666666666,46.0
13669,0,1,1,224,524,1079,883.5333333333333,540.6666666666666,17.0
13670,1,0,0,0,15,100,18.6,14.666666666666666,0.0
13672,0,0,0,0,0,320,22.9,4.0,17.0
13673,0,0,0,134,134,278,205.0,134.0,0.0
13674,1,0,0,0,3,100,13.466666666666665,2.6666666666666665,0.0
13675,1,0,0,0,0,100,2.8,0.0,0.0
13676,0,1,0,173,273,615,598.4666666666667,448.66666666666663,176.0
13678,0,0,0,0,0,0,0.0,0.0,0.0
13679,0,1,0,0,62,200,93.0,61.33333333333333,0.0
13680,0,1,0,0,80,200,163.7,79.33333333333333,0.0
13681,0,1,0,0,44,200,111.7,44.0,0.0
13682,1,0,0,0,16,100,28.733333333333334,15.333333333333332,0.0
13683,0,0,0,0,0,0,0.0,0.0,0.0
13684,0,1,0,0,81,200,118.7,80.66666666666666,0.0
13685,1,0,0,0,46,120,73.93333333333334,45.33333333333333,0.0
13687,1,0,0,0,30,100,21.666666666666664,29.333333333333332,0.0
13690,1,0,0,0,43,100,71.1,42.666666666666664,0.0
13691,1,0,0,88,138,288,165.33333333333331,137.33333333333331,0.0
13692,1,0,0,0,0,100,5.066666666666666,0.0,0.0
13693,1,0,0,0,4,100,3.0,4.0,0.0
13694,1,0,0,8,58,116,92.3,57.33333333333333,0.0
13695,0,0,0,0,0,0,0.0,0.0,0.0
13696,0,0,0,0,0,0,0.0,0.0,0.0
13697,0,1,0,0,40,200,117.3,39.33333333333333,0.0
13699,0,0,0,0,0,0,0.0,0.0,0.0
13730,0,1,0,0,82,208,183.8,81.33333333333333,0.0
13731,1,0,0,0,34,100,26.4,33.33333333333333,0.0
13732,0,0,1,34,234,560,360.06666666666666,257.3333333333333,24.0
13733,0,0,1,0,106,433,282.1,122.66666666666666,17.0
13734,0,1,0,0,85,200,154.4,84.66666666666666,0.0
13736,0,1,0,0,51,200,128.2,50.666666666666664,0.0
13738,1,0,0,0,0,100,1.4,0.0,0.0
13739,1,0,0,0,16,108,25.9,16.0,0.0
13740,0,0,0,0,0,44,23.0,7.333333333333333,44.0
13743,1,0,0,4,54,142,115.86666666666667,62.0,8.0
13744,0,1,0,0,94,200,97.39999999999999,94.0,0.0
13746,1,0,0,0,49,108,77.53333333333333,48.666666666666664,0.0
13747,0,0,0,0,0,0,0.0,0.0,0.0
13748,0,0,1,0,145,400,145.39999999999998,144.66666666666666,0.0
13750,0,0,0,23,23,47,30.6,22.666666666666664,0.0
13751,1,0,0,0,39,108,49.0,38.666666666666664,0.0
13752,1,0,0,0,25,100,38.13333333333333,24.666666666666664,0.0
13753,0,0,0,33,25,172,171.4,114.0,89.0
13754,1,0,0,3,18,155,154.4,69.33333333333333,52.0
13755,1,0,0,0,14,100,44.6,13.333333333333332,0.0
13756,1,0,0,0,26,100,32.5,25.333333333333332,0.0
13757,1,0,0,0,13,108,53.53333333333333,12.666666666666666,0.0
13760,0,0,0,874,874,2132,2089.866666666667,1560.0,686.0
13774,0,0,0,0,0,19,2.6666666666666665,3.333333333333333,19.0
13775,0,0,0,18,18,150,52.39999999999999,35.33333333333333,18.0
13776,0,0,0,0,0,40,15.8,0.0,0.0
13777,1,0,0,0,0,100,14.0,0.0,0.0
13778,0,0,1,33,233,551,297.2,250.0,17.0
13780,1,0,0,0,14,100,70.6,13.333333333333332,0.0
13782,0,0,0,11,9,27,26.2,8.666666666666666,0.0
13783,0,0,0,12,12,202,104.8,12.0,0.0
13784,0,0,0,14,14,30,18.0,14.0,0.0
13786,1,0,0,0,12,100,9.533333333333333,11.333333333333332,0.0
13787,0,1,0,0,57,263,240.6,87.33333333333333,31.0
13788,1,0,0,0,10,100,43.9,10.0,0.0
13790,0,0,1,279,296,1325,1324.8,710.0,414.0
13795,1,0,0,15,60,131,130.4,59.33333333333333,0.0
13796,1,0,0,0,43,108,63.5,42.666666666666664,0.0
13797,0,1,0,0,53,200,189.39999999999998,52.666666666666664,0.0
13801,1,0,0,0,32,100,64.1,32.0,0.0
13802,1,0,0,0,26,120,49.199999999999996,26.0,0.0
13803,0,0,1,35,213,493,492.3,250.66666666666666,38.0
13804,1,0,0,0,8,100,11.5,8.0,0.0
13806,1,0,0,0,14,100,13.066666666666666,13.333333333333332,0.0
13807,1,0,0,0,22,108,52.8,21.333333333333332,0.0
13808,1,0,0,0,18,117,64.53333333333333,34.666666666666664,17.0
13809,0,0,1,0,124,400,145.6,123.33333333333333,0.0
13810,1,0,0,0,38,116,35.666666666666664,37.33333333333333,0.0
13811,0,0,1,0,186,432,216.0,201.33333333333331,16.0
13812,1,0,0,0,3,148,145.0,34.666666666666664,32.0
13813,0,1,0,0,0,200,129.8,0.0,0.0
13814,1,0,0,0,0,100,2.333333333333333,0.0,0.0
13815,0,0,1,215,387,852,851.5,444.66666666666663,58.0
13820,0,0,0,273,130,573,572.1333333333333,376.0,246.0
13825,0,1,0,0,97,216,169.3,96.66666666666666,0.0
13826,0,0,0,0,0,0,0.0,0.0,0.0
13827,1,0,0,203,219,545,544.1333333333333,392.66666666666663,174.0
13830,0,1,0,78,80,363,362.8,96.66666666666666,17.0
13832,1,0,0,0,20,100,33.0,19.333333333333332,0.0
13833,0,1,1,0,272,600,510.1,272.0,0.0
13834,0,0,0,0,0,0,0.0,0.0,0.0
13835,1,0,0,0,32,100,83.69999999999999,32.0,0.0
13838,0,0,0,53,0,340,339.5,169.33333333333331,234.0
13839,0,1,0,0,45,208,125.19999999999999,44.666666666666664,0.0
13841,1,0,0,0,29,100,60.2,28.666666666666664,0.0
13842,0,0,0,1,1,9,4.9,0.6666666666666666,0.0
13843,0,0,1,0,102,400,182.0,101.33333333333333,0.0
13844,1,0,0,0,43,100,61.3,42.666666666666664,0.0
13846,1,0,0,0,18,100,15.866666666666667,17.333333333333332,0.0
13847,0,0,0,0,0,0,0.0,0.0,0.0
13849,0,1,0,27,127,279,222.7,146.66666666666666,20.0
13850,0,0,0,181,181,1144,1074.9333333333334,717.3333333333333,537.0
13856,0,1,0,77,144,404,403.5,198.66666666666666,55.0
13859,1,0,0,0,0,100,6.666666666666666,0.0,0.0
13860,1,0,0,0,5,100,12.333333333333332,4.666666666666666,0.0
13861,1,0,0,0,0,100,17.4,0.0,0.0
13862,0,0,0,71,0,262,261.3,58.0,118.0
13863,1,0,0,0,12,108,26.799999999999997,12.0,0.0
13864,0,1,0,0,79,208,72.2,78.66666666666666,0.0
13865,0,0,1,58,258,534,263.26666666666665,258.0,0.0
13901,0,0,2,353,658,1542,1541.7,822.0,164.0
13902,0,0,0,0,0,47,0.0,0.0,47.0
13903,0,0,1,220,420,998,833.9333333333334,616.0,196.0
13904,0,1,1,35,235,747,746.7,250.66666666666666,16.0
13905,0,0,1,327,501,1262,1261.6,745.3333333333333,245.0
14001,0,1,0,64,23,426,425.5333333333333,164.66666666666666,142.0
14004,0,0,1,165,365,720,577.8,476.66666666666663,112.0
14005,1,0,0,18,68,173,103.6,67.33333333333333,0.0
14006,0,0,1,49,249,601,423.0,304.66666666666663,56.0
14008,0,1,0,0,40,200,101.5,40.0,0.0
14009,0,1,0,42,64,364,363.7,185.33333333333331,122.0
14011,0,0,1,62,262,602,298.46666666666664,261.3333333333333,0.0
14012,0,0,1,0,108,408,263.5,108.0,0.0
14013,0,1,0,0,44,200,161.5,43.33333333333333,0.0
14020,0,0,0,713,188,1448,1447.9,615.3333333333333,428.0
14024,0,1,0,0,64,208,117.53333333333333,63.33333333333333,0.0
14025,0,0,0,44,44,158,126.66666666666666,98.0,54.0
14026,1,0,0,0,44,100,32.5,43.33333333333333,0.0
14027,0,0,0,0,0,0,0.0,0.0,0.0
14028,1,0,0,0,30,100,56.53333333333333,30.0,0.0
14029,0,0,0,0,0,0,0.0,0.0,0.0
14030,0,0,1,0,146,400,143.2,146.0,0.0
14031,0,1,0,58,73,381,380.9333333333333,119.33333333333333,47.0
14032,0,0,1,111,311,643,589.4666666666667,358.66666666666663,48.0
14033,0,1,0,0,66,200,107.1,65.33333333333333,0.0
14034,1,0,0,0,46,100,84.26666666666667,46.0,0.0
14035,1,0,0,0,0,100,5.666666666666666,0.0,0.0
14036,0,0,1,0,182,459,192.9333333333333,192.66666666666666,11.0
14037,1,0,0,0,8,100,41.9,8.0,0.0
14039,1,0,0,0,3,100,3.6666666666666665,2.6666666666666665,0.0
14040,0,0,0,52,45,105,104.93333333333334,90.66666666666666,46.0
14041,1,0,0,0,0,100,5.0,0.0,0.0
14042,0,0,1,0,137,439,343.4,175.33333333333331,39.0
14043,0,0,0,274,89,1123,1122.3999999999999,759.3333333333333,671.0
14047,0,0,0,40,40,218,214.66666666666666,188.0,148.0
14048,0,0,0,408,176,904,904.0,511.3333333333333,336.0
14051,0,0,1,306,506,1090,1015.0,722.0,216.0
14052,1,0,0,251,222,680,679.4666666666667,404.66666666666663,183.0
14054,1,0,0,0,44,100,94.53333333333333,43.33333333333333,0.0
14055,1,0,0,0,21,100,32.46666666666667,20.666666666666664,0.0
14056,1,0,0,0,0,100,11.799999999999999,0.0,0.0
14057,0,1,0,81,181,388,349.1333333333333,248.66666666666666,68.0
14058,0,0,1,0,172,440,209.59999999999997,172.0,0.0
14059,0,0,0,298,298,637,554.1333333333333,466.0,168.0
14060,1,0,0,0,2,100,13.8,1.3333333333333333,0.0
14061,1,0,0,0,0,100,1.4666666666666668,0.0,0.0
14062,0,0,1,0,121,400,249.89999999999998,120.66666666666666,0.0
14063,0,0,0,75,34,411,410.06666666666666,293.3333333333333,260.0
14065,0,1,0,0,60,200,150.0,59.33333333333333,0.0
14066,0,0,0,24,24,94,60.5,23.333333333333332,0.0
14067,0,1,0,0,87,272,250.7,102.66666666666666,16.0
14068,0,0,0,0,0,590,439.59999999999997,280.66666666666663,412.0
14069,1,0,0,0,41,100,46.2,40.666666666666664,0.0
14070,1,0,1,27,277,611,590.3,312.66666666666663,36.0
14072,0,0,0,253,253,1094,968.1333333333333,796.6666666666666,544.0
14075,0,0,1,572,659,1843,1842.0666666666666,1176.0,517.0
14080,0,0,0,105,105,212,199.79999999999998,169.33333333333331,65.0
14081,0,1,0,0,59,200,192.5,58.666666666666664,0.0
14082,1,0,0,0,12,108,48.33333333333333,11.333333333333332,0.0
14083,0,0,0,0,0,0,0.0,0.0,0.0
14085,1,0,0,177,123,488,487.9333333333333,275.3333333333333,153.0
14086,0,0,1,497,697,1637,1605.6666666666665,1198.6666666666665,502.0
14091,0,1,0,0,68,208,160.1,68.0,0.0
14092,0,0,0,129,77,306,305.79999999999995,212.66666666666666,136.0
14094,0,0,0,1162,1107,2476,2475.9333333333334,1756.6666666666665,650.0
14098,0,0,1,0,174,400,309.6,174.0,0.0
14101,0,1,0,0,52,200,123.9,51.33333333333333,0.0
14102,1,0,0,0,9,100,53.8,8.666666666666666,0.0
14103,0,0,1,171,261,821,820.7,395.3333333333333,135.0
14105,1,0,1,0,242,508,289.59999999999997,241.33333333333331,0.0
14108,0,1,1,4,304,650,332.8666666666667,304.0,0.0
14109,0,0,0,0,0,0,0.0,0.0,0.0
14111,0,1,0,0,78,216,144.33333333333331,78.0,0.0
14112,0,0,0,0,0,0,0.0,0.0,0.0
14113,1,0,0,0,33,100,28.199999999999996,32.666666666666664,0.0
14120,0,0,1,890,1090,2258,1932.6,1673.3333333333333,584.0
14125,0,0,1,0,98,400,205.0,98.0,0.0
14126,1,0,0,0,0,100,11.0,0.0,0.0
14127,0,0,0,497,284,1538,1537.7999999999997,1110.6666666666665,827.0
14129,1,0,0,0,30,100,81.5,29.333333333333332,0.0
14130,1,0,0,0,0,100,6.933333333333334,0.0,0.0
14131,0,0,0,0,0,210,201.2,137.33333333333331,150.0
14132,0,1,0,58,83,359,358.5333333333333,134.0,51.0
14134,1,0,0,0,4,100,5.5,4.0,0.0
14135,1,0,0,0,0,100,3.8,0.0,0.0
14136,0,0,1,0,156,416,301.0,156.0,0.0
14138,1,0,0,0,30,166,141.7,55.33333333333333,26.0
14139,0,1,0,0,90,200,162.46666666666664,89.33333333333333,0.0
14141,0,0,0,0,0,465,401.4,264.66666666666663,402.0
14143,1,0,0,0,33,100,96.0,32.666666666666664,0.0
14145,1,0,0,21,71,153,76.4,70.66666666666666,0.0
14150,0,0,0,130,126,1623,1622.8666666666668,1116.0,990.0
14166,0,0,0,0,0,0,0.0,0.0,0.0
14167,0,1,0,0,88,200,85.79999999999998,88.0,0.0
14168,0,0,0,0,0,0,0.0,0.0,0.0
14169,0,0,0,0,0,0,0.0,0.0,0.0
14170,0,1,0,0,54,200,127.2,53.33333333333333,0.0
14171,0,0,0,30,30,70,58.53333333333333,50.0,20.0
14172,0,1,0,0,84,216,134.39999999999998,84.0,0.0
14173,0,0,0,0,0,40,5.799999999999999,0.0,0.0
14174,0,0,0,54,26,268,267.3333333333333,190.0,164.0
14201,0,0,0,483,224,1079,1078.9,506.0,282.0
14202,0,0,0,21,21,274,127.26666666666667,95.33333333333333,75.0
14203,0,0,0,0,0,230,66.8,42.666666666666664,210.0
14204,0,0,0,237,237,647,521.9,312.66666666666663,76.0
14206,0,0,3,42,461,1550,1549.5,622.6666666666666,162.0
14207,0,0,3,690,700,2720,2719.5,1068.6666666666665,369.0
14208,0,0,0,312,312,779,723.4,467.3333333333333,156.0
14209,0,0,0,0,0,542,222.86666666666667,188.66666666666666,292.0
14210,0,0,0,292,6,1116,1115.8,528.6666666666666,523.0
14211,0,0,5,184,1106,2728,2727.7,1248.0,142.0
14212,0,0,2,309,501,1399,1398.5,718.0,217.0
14213,0,0,4,382,1182,2460,2443.4,1358.0,176.0
14214,0,0,1,472,468,1493,1492.9,744.6666666666666,277.0
14215,0,0,5,912,1727,3945,3944.7,1995.3333333333333,269.0
14216,0,0,3,293,893,1831,1011.3999999999999,1088.0,195.0
14217,0,0,1,183,243,984,983.6,576.6666666666666,334.0
14218,0,0,2,309,666,1745,1744.5,1097.3333333333333,432.0
14219,0,0,1,0,145,579,531.9,225.33333333333331,81.0
14220,0,0,3,112,630,1719,1719.0,897.3333333333333,268.0
14221,0,0,0,923,923,3237,2525.6,2075.333333333333,1153.0
14222,0,0,1,218,418,819,520.8,618.6666666666666,201.0
14223,0,0,1,354,554,1181,924.1999999999999,818.6666666666666,265.0
14224,0,0,1,508,708,1671,1648.6666666666665,1302.0,594.0
14225,0,0,2,699,518,2254,2253.5,977.3333333333333,460.0
14226,0,0,0,462,462,1464,1444.3333333333333,990.6666666666666,529.0
14227,0,0,1,404,367,1225,1224.7,705.3333333333333,339.0
14228,0,0,0,342,252,1136,1135.7333333333331,823.3333333333333,572.0
14260,0,0,0,0,0,192,0.0,0.0,172.0
14261,0,0,0,0,0,0,0.0,0.0,0.0
14301,0,0,1,74,274,812,787.3,443.3333333333333,170.0
14302,0,0,0,0,0,0,0.0,0.0,0.0
14303,1,0,1,89,312,700,699.7,322.0,10.0
14304,0,0,1,663,373,1930,1929.3,824.0,451.0
14305,0,0,1,353,553,1343,1280.0,601.3333333333333,49.0
14411,0,0,1,34,94,574,573.1,181.33333333333331,88.0
14413,0,0,0,0,0,0,0.0,0.0,0.0
14414,1,0,0,82,132,313,300.73333333333335,197.33333333333331,66.0
14415,1,0,0,0,5,100,9.266666666666666,4.666666666666666,0.0
14416,1,0,0,61,111,241,167.66666666666666,146.66666666666666,36.0
14418,0,1,0,0,64,200,73.33333333333333,64.0,0.0
14420,0,0,0,362,295,816,815.5333333333333,606.0,311.0
14422,0,1,0,0,94,200,154.5,93.33333333333333,0.0
14423,1,0,0,90,140,306,244.4,184.0,44.0
14424,0,0,1,336,536,1078,1030.1999999999998,656.0,120.0
14425,0,0,3,4,604,1252,812.8,603.3333333333333,0.0
14427,0,1,0,0,51,200,119.6,50.666666666666664,0.0
14432,0,0,0,42,39,363,362.4,192.66666666666666,154.0
14433,1,0,1,10,260,543,464.5,276.66666666666663,17.0
14437,0,0,0,178,178,556,496.6,201.33333333333331,24.0
14445,1,0,1,0,205,500,456.6,204.66666666666666,0.0
14450,1,0,1,825,1075,2206,2169.133333333333,1452.0,377.0
14456,0,0,2,324,724,1513,1334.0,738.0,14.0
14464,0,1,1,16,316,659,482.7,344.0,28.0
14468,0,0,2,139,539,1231,992.1333333333333,679.3333333333333,141.0
14470,0,0,1,18,218,553,527.8,297.3333333333333,80.0
14472,0,0,2,0,374,800,521.2666666666667,373.3333333333333,0.0
14476,0,0,0,92,92,208,153.06666666666666,107.33333333333333,16.0
14477,1,0,0,0,49,100,43.06666666666666,48.666666666666664,0.0
14478,1,0,0,0,31,100,21.93333333333333,30.666666666666664,0.0
14479,0,0,0,0,0,0,0.0,0.0,0.0
14481,1,0,0,0,45,108,85.13333333333333,44.666666666666664,0.0
14486,1,0,0,0,10,108,16.6,9.333333333333332,0.0
14505,0,0,0,136,136,284,244.86666666666667,136.0,0.0
14510,0,0,0,42,0,352,351.8,178.66666666666666,290.0
14516,0,0,1,0,128,400,154.73333333333332,127.33333333333333,0.0
14521,0,0,1,0,141,408,264.4,140.66666666666666,0.0
14525,0,0,0,99,99,190,130.39999999999998,98.66666666666666,0.0
14526,0,0,1,607,807,1624,1080.6,864.0,57.0
14532,0,0,0,138,138,353,250.46666666666664,193.33333333333331,56.0
14536,0,0,0,20,20,40,35.2,19.333333333333332,0.0
14537,0,0,0,0,0,0,0.0,0.0,0.0
14541,0,0,1,0,131,408,191.59999999999997,130.66666666666666,0.0
14542,0,0,0,0,0,0,0.0,0.0,0.0
14544,1,0,0,0,46,122,120.93333333333331,45.33333333333333,0.0
14545,0,0,0,6,6,22,6.0,6.0,0.0
14546,0,0,1,42,242,511,212.26666666666665,241.33333333333331,0.0
14556,0,0,0,0,0,0,0.0,0.0,0.0
14557,1,0,0,0,4,100,3.6666666666666665,4.0,0.0
14560,1,0,0,0,42,100,83.66666666666666,41.33333333333333,0.0
14561,1,0,0,0,38,100,87.13333333333333,37.33333333333333,0.0
14564,0,0,0,317,317,843,820.0,561.3333333333333,245.0
14568,1,0,0,92,142,309,262.3333333333333,142.0,0.0
14569,0,0,0,78,78,198,193.0,126.0,48.0
14580,0,0,4,496,1296,2663,2555.2,1585.3333333333333,290.0
14586,0,1,1,0,258,640,624.5333333333333,257.3333333333333,0.0
14589,0,1,1,44,344,701,422.9333333333333,374.66666666666663,31.0
14590,0,0,1,0,75,400,294.7,74.66666666666666,0.0
14608,0,0,1,246,398,989,988.8,484.0,86.0
14609,1,0,1,1218,1468,3016,2990.1,1686.0,218.0
14612,1,0,3,280,930,1885,1558.6,947.3333333333333,18.0
14617,0,0,1,210,410,1072,1066.7333333333331,627.3333333333333,218.0
14621,0,0,2,1132,1530,3260,3259.9,1730.0,200.0
14622,0,0,2,25,425,954,569.4,458.66666666666663,34.0
14623,0,0,0,409,14,1008,1007.6,534.6666666666666,521.0
14625,0,0,1,42,242,591,375.26666666666665,241.33333333333331,0.0
14707,1,0,0,0,5,100,4.533333333333333,4.666666666666666,0.0
14708,1,0,0,0,6,100,4.6,6.0,0.0
14709,1,0,0,0,38,100,80.0,37.33333333333333,0.0
14710,0,1,0,0,71,200,173.33333333333331,70.66666666666666,0.0
14717,0,0,0,11,11,35,18.8,10.666666666666666,0.0
14720,1,0,0,0,23,100,29.866666666666664,22.666666666666664,0.0
14721,1,0,0,0,0,100,4.333333333333333,0.0,0.0
14724,0,0,1,0,158,400,394.2,158.0,0.0
14726,0,1,1,0,289,600,521.4,288.66666666666663,0.0
14727,0,1,0,68,136,376,375.1,164.0,28.0
14729,1,0,0,0,26,100,38.8,25.333333333333332,0.0
14731,0,0,0,7,7,91,54.8,42.0,35.0
14732,1,0,0,0,0,100,1.0,0.0,0.0
14736,1,0,0,0,6,100,5.5,5.333333333333333,0.0
14740,1,0,0,0,24,100,40.46666666666667,23.333333333333332,0.0
14741,1,0,0,3,52,111,110.53333333333333,51.33333333333333,0.0
14747,0,1,0,4,104,219,176.8,104.0,0.0
14767,0,1,0,0,68,216,210.4,67.33333333333333,0.0
14770,1,0,0,64,77,234,233.89999999999998,91.33333333333333,15.0
14772,0,1,0,39,139,347,321.7,170.66666666666666,32.0
14774,0,0,0,3,3,65,22.93333333333333,2.6666666666666665,0.0
14785,0,0,0,0,0,0,0.0,0.0,0.0
14788,1,0,0,0,0,100,0.19999999999999998,0.0,0.0
14805,1,0,0,0,21,108,32.2,20.666666666666664,0.0
14806,0,1,0,0,85,216,165.2,84.66666666666666,0.0
